NCBI.ID.x,Type,Color
NC_000913,label,#7FC97F
NC_000913,label,#7FC97F
NC_000913,label,#7FC97F
NC_000963,label,#7FC97F
NC_000964,label,#E6AB02
NC_000964,label,#E6AB02
NC_000964,label,#E6AB02
NC_000964,label,#E6AB02
NC_001263,label,#E31A1C
NC_001263,label,#E31A1C
NC_001263,label,#E31A1C
NC_001263,label,#E31A1C
NC_002488,label,#7FC97F
NC_002488,label,#7FC97F
NC_002488,label,#7FC97F
NC_002516,label,#7FC97F
NC_002516,label,#7FC97F
NC_002570,label,#E6AB02
NC_002570,label,#E6AB02
NC_002678,label,#7FC97F
NC_002678,label,#7FC97F
NC_002678,label,#7FC97F
NC_002927,label,#7FC97F
NC_002927,label,#7FC97F
NC_002927,label,#7FC97F
NC_002936,label,#999999
NC_002936,label,#999999
NC_002937,label,#7FC97F
NC_002937,label,#7FC97F
NC_002939,label,#7FC97F
NC_002939,label,#7FC97F
NC_002944,label,#F4CAE4
NC_002944,label,#F4CAE4
NC_002971,label,#7FC97F
NC_002971,label,#7FC97F
NC_002973,label,#E6AB02
NC_003030,label,#E6AB02
NC_003030,label,#E6AB02
NC_003062,label,#7FC97F
NC_003062,label,#7FC97F
NC_003062,label,#7FC97F
NC_003062,label,#7FC97F
NC_003062,label,#7FC97F
NC_003063,label,#7FC97F
NC_003063,label,#7FC97F
NC_003063,label,#7FC97F
NC_003063,label,#7FC97F
NC_003063,label,#7FC97F
NC_003155,label,#F4CAE4
NC_003155,label,#F4CAE4
NC_003197,label,#7FC97F
NC_003197,label,#7FC97F
NC_003212,label,#E6AB02
NC_003212,label,#E6AB02
NC_003212,label,#E6AB02
NC_003212,label,#E6AB02
NC_003272,label,#B3CDE3
NC_003272,label,#B3CDE3
NC_003272,label,#B3CDE3
NC_003272,label,#B3CDE3
NC_003272,label,#B3CDE3
NC_003272,label,#B3CDE3
NC_003272,label,#B3CDE3
NC_003295,label,#7FC97F
NC_003295,label,#7FC97F
NC_003361,label,#B15928
NC_003361,label,#B15928
NC_003366,label,#E6AB02
NC_003366,label,#E6AB02
NC_003902,label,#7FC97F
NC_003909,label,#E6AB02
NC_003909,label,#E6AB02
NC_003909,label,#E6AB02
NC_003909,label,#E6AB02
NC_003909,label,#E6AB02
NC_003997,label,#E6AB02
NC_003997,label,#E6AB02
NC_003997,label,#E6AB02
NC_004129,label,#7FC97F
NC_004129,label,#7FC97F
NC_004129,label,#7FC97F
NC_004193,label,#E6AB02
NC_004193,label,#E6AB02
NC_004193,label,#E6AB02
NC_004342,label,#F0027F
NC_004342,label,#F0027F
NC_004347,label,#7FC97F
NC_004347,label,#7FC97F
NC_004347,label,#7FC97F
NC_004369,label,#F4CAE4
NC_004369,label,#F4CAE4
NC_004369,label,#F4CAE4
NC_004369,label,#F4CAE4
NC_004463,label,#7FC97F
NC_004463,label,#7FC97F
NC_004463,label,#7FC97F
NC_004547,label,#7FC97F
NC_004547,label,#7FC97F
NC_004547,label,#7FC97F
NC_004551,label,#F4CAE4
NC_004556,label,#7FC97F
NC_004556,label,#7FC97F
NC_004557,label,#E6AB02
NC_004557,label,#E6AB02
NC_004572,label,#F4CAE4
NC_004631,label,#7FC97F
NC_004663,label,black
NC_004663,label,black
NC_004663,label,black
NC_004663,label,black
NC_004722,label,#E6AB02
NC_004722,label,#E6AB02
NC_004722,label,#E6AB02
NC_004722,label,#E6AB02
NC_004757,label,#7FC97F
NC_005085,label,#7FC97F
NC_005085,label,#7FC97F
NC_005125,label,#B3CDE3
NC_005296,label,#7FC97F
NC_005296,label,#7FC97F
NC_005296,label,#7FC97F
NC_005296,label,#7FC97F
NC_005296,label,#7FC97F
NC_005296,label,#7FC97F
NC_005363,label,#7FC97F
NC_005773,label,#7FC97F
NC_005773,label,#7FC97F
NC_005773,label,#7FC97F
NC_005773,label,#7FC97F
NC_005823,label,#F0027F
NC_005823,label,#F0027F
NC_005861,label,#B15928
NC_005945,label,#E6AB02
NC_005945,label,#E6AB02
NC_005945,label,#E6AB02
NC_005966,label,#7FC97F
NC_006155,label,#7FC97F
NC_006155,label,#7FC97F
NC_006155,label,#7FC97F
NC_006155,label,#7FC97F
NC_006177,label,#E6AB02
NC_006177,label,#E6AB02
NC_006274,label,#E6AB02
NC_006274,label,#E6AB02
NC_006274,label,#E6AB02
NC_006274,label,#E6AB02
NC_006274,label,#E6AB02
NC_006274,label,#E6AB02
NC_006274,label,#E6AB02
NC_006274,label,#E6AB02
NC_006322,label,#E6AB02
NC_006322,label,#E6AB02
NC_006350,label,#7FC97F
NC_006350,label,#7FC97F
NC_006350,label,#7FC97F
NC_006351,label,#7FC97F
NC_006351,label,#7FC97F
NC_006351,label,#7FC97F
NC_006361,label,#F4CAE4
NC_006361,label,#F4CAE4
NC_006361,label,#F4CAE4
NC_006368,label,#7FC97F
NC_006368,label,#7FC97F
NC_006369,label,#7FC97F
NC_006369,label,#7FC97F
NC_006511,label,#7FC97F
NC_006513,label,#7FC97F
NC_006513,label,#7FC97F
NC_006513,label,#7FC97F
NC_006513,label,#7FC97F
NC_006582,label,#E6AB02
NC_006582,label,#E6AB02
NC_006831,label,#7FC97F
NC_006834,label,#7FC97F
NC_006905,label,#7FC97F
NC_006905,label,#7FC97F
NC_006905,label,#7FC97F
NC_006932,label,#7FC97F
NC_006932,label,#7FC97F
NC_006933,label,#7FC97F
NC_006933,label,#7FC97F
NC_006958,label,#F4CAE4
NC_006958,label,#F4CAE4
NC_006958,label,#F4CAE4
NC_007086,label,#7FC97F
NC_007164,label,#F4CAE4
NC_007164,label,#F4CAE4
NC_007168,label,#E6AB02
NC_007168,label,#E6AB02
NC_007168,label,#E6AB02
NC_007168,label,#E6AB02
NC_007168,label,#E6AB02
NC_007168,label,#E6AB02
NC_007168,label,#E6AB02
NC_007168,label,#E6AB02
NC_007168,label,#E6AB02
NC_007204,label,#7FC97F
NC_007204,label,#7FC97F
NC_007298,label,#7FC97F
NC_007298,label,#7FC97F
NC_007298,label,#7FC97F
NC_007333,label,#F4CAE4
NC_007356,label,#999999
NC_007356,label,#999999
NC_007356,label,#999999
NC_007404,label,#7FC97F
NC_007404,label,#7FC97F
NC_007406,label,#7FC97F
NC_007406,label,#7FC97F
NC_007406,label,#7FC97F
NC_007434,label,#7FC97F
NC_007434,label,#7FC97F
NC_007434,label,#7FC97F
NC_007435,label,#7FC97F
NC_007435,label,#7FC97F
NC_007435,label,#7FC97F
NC_007492,label,#7FC97F
NC_007492,label,#7FC97F
NC_007492,label,#7FC97F
NC_007493,label,#7FC97F
NC_007493,label,#7FC97F
NC_007493,label,#7FC97F
NC_007493,label,#7FC97F
NC_007493,label,#7FC97F
NC_007493,label,#7FC97F
NC_007493,label,#7FC97F
NC_007493,label,#7FC97F
NC_007494,label,#7FC97F
NC_007494,label,#7FC97F
NC_007494,label,#7FC97F
NC_007494,label,#7FC97F
NC_007494,label,#7FC97F
NC_007494,label,#7FC97F
NC_007494,label,#7FC97F
NC_007494,label,#7FC97F
NC_007498,label,#7FC97F
NC_007508,label,#7FC97F
NC_007508,label,#7FC97F
NC_007508,label,#7FC97F
NC_007508,label,#7FC97F
NC_007508,label,#7FC97F
NC_007509,label,#7FC97F
NC_007509,label,#7FC97F
NC_007509,label,#7FC97F
NC_007509,label,#7FC97F
NC_007510,label,#7FC97F
NC_007510,label,#7FC97F
NC_007510,label,#7FC97F
NC_007510,label,#7FC97F
NC_007511,label,#7FC97F
NC_007511,label,#7FC97F
NC_007511,label,#7FC97F
NC_007511,label,#7FC97F
NC_007512,label,#1F78B4
NC_007512,label,#1F78B4
NC_007514,label,#1F78B4
NC_007517,label,#7FC97F
NC_007517,label,#7FC97F
NC_007517,label,#7FC97F
NC_007517,label,#7FC97F
NC_007519,label,#7FC97F
NC_007519,label,#7FC97F
NC_007530,label,#E6AB02
NC_007530,label,#E6AB02
NC_007530,label,#E6AB02
NC_007530,label,#E6AB02
NC_007530,label,#E6AB02
NC_007613,label,#7FC97F
NC_007613,label,#7FC97F
NC_007613,label,#7FC97F
NC_007613,label,#7FC97F
NC_007614,label,#7FC97F
NC_007614,label,#7FC97F
NC_007614,label,#7FC97F
NC_007614,label,#7FC97F
NC_007618,label,#7FC97F
NC_007618,label,#7FC97F
NC_007624,label,#7FC97F
NC_007624,label,#7FC97F
NC_007644,label,#E6AB02
NC_007650,label,#7FC97F
NC_007650,label,#7FC97F
NC_007650,label,#7FC97F
NC_007651,label,#7FC97F
NC_007651,label,#7FC97F
NC_007651,label,#7FC97F
NC_007760,label,#7FC97F
NC_007761,label,#7FC97F
NC_007761,label,#7FC97F
NC_007761,label,#7FC97F
NC_007761,label,#7FC97F
NC_007761,label,#7FC97F
NC_007761,label,#7FC97F
NC_007761,label,#7FC97F
NC_007761,label,#7FC97F
NC_007775,label,#B3CDE3
NC_007777,label,#F4CAE4
NC_007778,label,#7FC97F
NC_007778,label,#7FC97F
NC_007778,label,#7FC97F
NC_007794,label,#7FC97F
NC_007794,label,#7FC97F
NC_007794,label,#7FC97F
NC_007798,label,#7FC97F
NC_007880,label,#7FC97F
NC_007907,label,#E6AB02
NC_007907,label,#E6AB02
NC_007907,label,#E6AB02
NC_007907,label,#E6AB02
NC_007907,label,#E6AB02
NC_007907,label,#E6AB02
NC_007907,label,#E6AB02
NC_007907,label,#E6AB02
NC_007925,label,#7FC97F
NC_007925,label,#7FC97F
NC_007947,label,#7FC97F
NC_007947,label,#7FC97F
NC_007948,label,#7FC97F
NC_007948,label,#7FC97F
NC_007948,label,#7FC97F
NC_007958,label,#7FC97F
NC_007958,label,#7FC97F
NC_007958,label,#7FC97F
NC_007963,label,#7FC97F
NC_007963,label,#7FC97F
NC_007964,label,#7FC97F
NC_007964,label,#7FC97F
NC_007964,label,#7FC97F
NC_007964,label,#7FC97F
NC_007964,label,#7FC97F
NC_007969,label,#7FC97F
NC_007969,label,#7FC97F
NC_007969,label,#7FC97F
NC_007973,label,#7FC97F
NC_007973,label,#7FC97F
NC_007973,label,#7FC97F
NC_007973,label,#7FC97F
NC_007973,label,#7FC97F
NC_007973,label,#7FC97F
NC_008009,label,#FDB462
NC_008009,label,#FDB462
NC_008027,label,#7FC97F
NC_008027,label,#7FC97F
NC_008095,label,#7FC97F
NC_008146,label,#F4CAE4
NC_008146,label,#F4CAE4
NC_008146,label,#F4CAE4
NC_008146,label,#F4CAE4
NC_008148,label,#F4CAE4
NC_008148,label,#F4CAE4
NC_008149,label,#7FC97F
NC_008149,label,#7FC97F
NC_008149,label,#7FC97F
NC_008149,label,#7FC97F
NC_008150,label,#7FC97F
NC_008150,label,#7FC97F
NC_008150,label,#7FC97F
NC_008150,label,#7FC97F
NC_008150,label,#7FC97F
NC_008245,label,#7FC97F
NC_008254,label,#7FC97F
NC_008254,label,#7FC97F
NC_008254,label,#7FC97F
NC_008254,label,#7FC97F
NC_008254,label,#7FC97F
NC_008255,label,black
NC_008255,label,black
NC_008261,label,#E6AB02
NC_008268,label,#F4CAE4
NC_008268,label,#F4CAE4
NC_008268,label,#F4CAE4
NC_008268,label,#F4CAE4
NC_008268,label,#F4CAE4
NC_008268,label,#F4CAE4
NC_008278,label,#F4CAE4
NC_008313,label,#7FC97F
NC_008313,label,#7FC97F
NC_008313,label,#7FC97F
NC_008313,label,#7FC97F
NC_008314,label,#7FC97F
NC_008314,label,#7FC97F
NC_008314,label,#7FC97F
NC_008314,label,#7FC97F
NC_008343,label,#7FC97F
NC_008343,label,#7FC97F
NC_008380,label,#7FC97F
NC_008380,label,#7FC97F
NC_008380,label,#7FC97F
NC_008380,label,#7FC97F
NC_008380,label,#7FC97F
NC_008380,label,#7FC97F
NC_008380,label,#7FC97F
NC_008390,label,#7FC97F
NC_008390,label,#7FC97F
NC_008390,label,#7FC97F
NC_008390,label,#7FC97F
NC_008391,label,#7FC97F
NC_008391,label,#7FC97F
NC_008391,label,#7FC97F
NC_008391,label,#7FC97F
NC_008392,label,#7FC97F
NC_008392,label,#7FC97F
NC_008392,label,#7FC97F
NC_008392,label,#7FC97F
NC_008435,label,#7FC97F
NC_008435,label,#7FC97F
NC_008463,label,#7FC97F
NC_008463,label,#7FC97F
NC_008497,label,#E6AB02
NC_008497,label,#E6AB02
NC_008497,label,#E6AB02
NC_008508,label,#F0027F
NC_008508,label,#F0027F
NC_008510,label,#F0027F
NC_008510,label,#F0027F
NC_008536,label,#FDB462
NC_008536,label,#FDB462
NC_008541,label,#F4CAE4
NC_008541,label,#F4CAE4
NC_008541,label,#F4CAE4
NC_008541,label,#F4CAE4
NC_008542,label,#7FC97F
NC_008542,label,#7FC97F
NC_008542,label,#7FC97F
NC_008542,label,#7FC97F
NC_008542,label,#7FC97F
NC_008543,label,#7FC97F
NC_008543,label,#7FC97F
NC_008543,label,#7FC97F
NC_008543,label,#7FC97F
NC_008543,label,#7FC97F
NC_008544,label,#7FC97F
NC_008544,label,#7FC97F
NC_008544,label,#7FC97F
NC_008544,label,#7FC97F
NC_008544,label,#7FC97F
NC_008593,label,#E6AB02
NC_008595,label,#F4CAE4
NC_008595,label,#F4CAE4
NC_008595,label,#F4CAE4
NC_008609,label,#7FC97F
NC_008609,label,#7FC97F
NC_008609,label,#7FC97F
NC_008609,label,#7FC97F
NC_008639,label,#1F78B4
NC_008639,label,#1F78B4
NC_008639,label,#1F78B4
NC_008699,label,#F4CAE4
NC_008699,label,#F4CAE4
NC_008699,label,#F4CAE4
NC_008700,label,#7FC97F
NC_008700,label,#7FC97F
NC_008702,label,#7FC97F
NC_008702,label,#7FC97F
NC_008702,label,#7FC97F
NC_008705,label,#F4CAE4
NC_008705,label,#F4CAE4
NC_008705,label,#F4CAE4
NC_008705,label,#F4CAE4
NC_008705,label,#F4CAE4
NC_008710,label,#F0027F
NC_008710,label,#F0027F
NC_008710,label,#F0027F
NC_008710,label,#F0027F
NC_008710,label,#F0027F
NC_008710,label,#F0027F
NC_008710,label,#F0027F
NC_008710,label,#F0027F
NC_008710,label,#F0027F
NC_008711,label,#F4CAE4
NC_008711,label,#F4CAE4
NC_008711,label,#F4CAE4
NC_008740,label,#7FC97F
NC_008740,label,#7FC97F
NC_008740,label,#7FC97F
NC_008740,label,#7FC97F
NC_008752,label,#7FC97F
NC_008752,label,#7FC97F
NC_008781,label,#7FC97F
NC_008781,label,#7FC97F
NC_008781,label,#7FC97F
NC_008781,label,#7FC97F
NC_008781,label,#7FC97F
NC_008781,label,#7FC97F
NC_008781,label,#7FC97F
NC_008781,label,#7FC97F
NC_008781,label,#7FC97F
NC_008781,label,#7FC97F
NC_008782,label,#7FC97F
NC_008782,label,#7FC97F
NC_008782,label,#7FC97F
NC_008782,label,#7FC97F
NC_008782,label,#7FC97F
NC_008782,label,#7FC97F
NC_008786,label,#7FC97F
NC_008786,label,#7FC97F
NC_008789,label,#7FC97F
NC_008789,label,#7FC97F
NC_008789,label,#7FC97F
NC_008825,label,#7FC97F
NC_008825,label,#7FC97F
NC_008825,label,#7FC97F
NC_009012,label,#E6AB02
NC_009049,label,#7FC97F
NC_009049,label,#7FC97F
NC_009049,label,#7FC97F
NC_009049,label,#7FC97F
NC_009050,label,#7FC97F
NC_009050,label,#7FC97F
NC_009050,label,#7FC97F
NC_009050,label,#7FC97F
NC_009074,label,#7FC97F
NC_009074,label,#7FC97F
NC_009074,label,#7FC97F
NC_009075,label,#7FC97F
NC_009075,label,#7FC97F
NC_009075,label,#7FC97F
NC_009076,label,#7FC97F
NC_009076,label,#7FC97F
NC_009076,label,#7FC97F
NC_009077,label,#F4CAE4
NC_009077,label,#F4CAE4
NC_009077,label,#F4CAE4
NC_009077,label,#F4CAE4
NC_009078,label,#7FC97F
NC_009078,label,#7FC97F
NC_009078,label,#7FC97F
NC_009142,label,#F4CAE4
NC_009254,label,#7FC97F
NC_009254,label,#7FC97F
NC_009254,label,#7FC97F
NC_009254,label,#7FC97F
NC_009254,label,#7FC97F
NC_009254,label,#7FC97F
NC_009254,label,#7FC97F
NC_009254,label,#7FC97F
NC_009254,label,#7FC97F
NC_009254,label,#7FC97F
NC_009255,label,#7FC97F
NC_009255,label,#7FC97F
NC_009255,label,#7FC97F
NC_009255,label,#7FC97F
NC_009255,label,#7FC97F
NC_009255,label,#7FC97F
NC_009255,label,#7FC97F
NC_009255,label,#7FC97F
NC_009255,label,#7FC97F
NC_009255,label,#7FC97F
NC_009256,label,#7FC97F
NC_009256,label,#7FC97F
NC_009256,label,#7FC97F
NC_009256,label,#7FC97F
NC_009256,label,#7FC97F
NC_009256,label,#7FC97F
NC_009256,label,#7FC97F
NC_009256,label,#7FC97F
NC_009256,label,#7FC97F
NC_009256,label,#7FC97F
NC_009328,label,#E6AB02
NC_009328,label,#E6AB02
NC_009328,label,#E6AB02
NC_009328,label,#E6AB02
NC_009338,label,#F4CAE4
NC_009338,label,#F4CAE4
NC_009338,label,#F4CAE4
NC_009338,label,#F4CAE4
NC_009338,label,#F4CAE4
NC_009338,label,#F4CAE4
NC_009338,label,#F4CAE4
NC_009342,label,#F4CAE4
NC_009342,label,#F4CAE4
NC_009342,label,#F4CAE4
NC_009342,label,#F4CAE4
NC_009380,label,#F4CAE4
NC_009428,label,#7FC97F
NC_009428,label,#7FC97F
NC_009428,label,#7FC97F
NC_009428,label,#7FC97F
NC_009428,label,#7FC97F
NC_009428,label,#7FC97F
NC_009434,label,#7FC97F
NC_009434,label,#7FC97F
NC_009434,label,#7FC97F
NC_009434,label,#7FC97F
NC_009436,label,#7FC97F
NC_009436,label,#7FC97F
NC_009436,label,#7FC97F
NC_009438,label,#7FC97F
NC_009438,label,#7FC97F
NC_009438,label,#7FC97F
NC_009438,label,#7FC97F
NC_009438,label,#7FC97F
NC_009438,label,#7FC97F
NC_009438,label,#7FC97F
NC_009439,label,#7FC97F
NC_009439,label,#7FC97F
NC_009441,label,black
NC_009441,label,black
NC_009441,label,black
NC_009441,label,black
NC_009445,label,#7FC97F
NC_009455,label,#999999
NC_009455,label,#999999
NC_009455,label,#999999
NC_009480,label,#F4CAE4
NC_009480,label,#F4CAE4
NC_009480,label,#F4CAE4
NC_009483,label,#7FC97F
NC_009483,label,#7FC97F
NC_009483,label,#7FC97F
NC_009484,label,#7FC97F
NC_009484,label,#7FC97F
NC_009484,label,#7FC97F
NC_009484,label,#7FC97F
NC_009484,label,#7FC97F
NC_009484,label,#7FC97F
NC_009484,label,#7FC97F
NC_009484,label,#7FC97F
NC_009484,label,#7FC97F
NC_009484,label,#7FC97F
NC_009494,label,#7FC97F
NC_009504,label,#7FC97F
NC_009504,label,#7FC97F
NC_009505,label,#7FC97F
NC_009505,label,#7FC97F
NC_009511,label,#7FC97F
NC_009511,label,#7FC97F
NC_009511,label,#7FC97F
NC_009511,label,#7FC97F
NC_009512,label,#7FC97F
NC_009512,label,#7FC97F
NC_009524,label,#7FC97F
NC_009524,label,#7FC97F
NC_009524,label,#7FC97F
NC_009524,label,#7FC97F
NC_009565,label,#F4CAE4
NC_009565,label,#F4CAE4
NC_009617,label,#E6AB02
NC_009617,label,#E6AB02
NC_009648,label,#7FC97F
NC_009648,label,#7FC97F
NC_009648,label,#7FC97F
NC_009648,label,#7FC97F
NC_009648,label,#7FC97F
NC_009648,label,#7FC97F
NC_009648,label,#7FC97F
NC_009648,label,#7FC97F
NC_009648,label,#7FC97F
NC_009648,label,#7FC97F
NC_009648,label,#7FC97F
NC_009654,label,#7FC97F
NC_009659,label,#7FC97F
NC_009659,label,#7FC97F
NC_009664,label,#F4CAE4
NC_009664,label,#F4CAE4
NC_009664,label,#F4CAE4
NC_009667,label,#7FC97F
NC_009667,label,#7FC97F
NC_009667,label,#7FC97F
NC_009667,label,#7FC97F
NC_009667,label,#7FC97F
NC_009667,label,#7FC97F
NC_009667,label,#7FC97F
NC_009668,label,#7FC97F
NC_009668,label,#7FC97F
NC_009668,label,#7FC97F
NC_009668,label,#7FC97F
NC_009668,label,#7FC97F
NC_009668,label,#7FC97F
NC_009668,label,#7FC97F
NC_009674,label,#E6AB02
NC_009674,label,#E6AB02
NC_009674,label,#E6AB02
NC_009675,label,#7FC97F
NC_009698,label,#E6AB02
NC_009698,label,#E6AB02
NC_009706,label,#E6AB02
NC_009706,label,#E6AB02
NC_009715,label,#7FC97F
NC_009720,label,#7FC97F
NC_009720,label,#7FC97F
NC_009720,label,#7FC97F
NC_009720,label,#7FC97F
NC_009720,label,#7FC97F
NC_009720,label,#7FC97F
NC_009725,label,#E6AB02
NC_009725,label,#E6AB02
NC_009792,label,#7FC97F
NC_009792,label,#7FC97F
NC_009792,label,#7FC97F
NC_009802,label,#7FC97F
NC_009802,label,#7FC97F
NC_009802,label,#7FC97F
NC_009832,label,#7FC97F
NC_009832,label,#7FC97F
NC_009832,label,#7FC97F
NC_009832,label,#7FC97F
NC_009848,label,#E6AB02
NC_009943,label,#7FC97F
NC_009943,label,#7FC97F
NC_009943,label,#7FC97F
NC_009953,label,#F4CAE4
NC_010001,label,#E6AB02
NC_010001,label,#E6AB02
NC_010002,label,#7FC97F
NC_010002,label,#7FC97F
NC_010002,label,#7FC97F
NC_010002,label,#7FC97F
NC_010002,label,#7FC97F
NC_010084,label,#7FC97F
NC_010084,label,#7FC97F
NC_010084,label,#7FC97F
NC_010084,label,#7FC97F
NC_010084,label,#7FC97F
NC_010084,label,#7FC97F
NC_010084,label,#7FC97F
NC_010084,label,#7FC97F
NC_010084,label,#7FC97F
NC_010084,label,#7FC97F
NC_010084,label,#7FC97F
NC_010084,label,#7FC97F
NC_010084,label,#7FC97F
NC_010086,label,#7FC97F
NC_010086,label,#7FC97F
NC_010086,label,#7FC97F
NC_010086,label,#7FC97F
NC_010086,label,#7FC97F
NC_010086,label,#7FC97F
NC_010086,label,#7FC97F
NC_010086,label,#7FC97F
NC_010086,label,#7FC97F
NC_010086,label,#7FC97F
NC_010086,label,#7FC97F
NC_010086,label,#7FC97F
NC_010086,label,#7FC97F
NC_010087,label,#7FC97F
NC_010087,label,#7FC97F
NC_010087,label,#7FC97F
NC_010087,label,#7FC97F
NC_010087,label,#7FC97F
NC_010087,label,#7FC97F
NC_010087,label,#7FC97F
NC_010087,label,#7FC97F
NC_010087,label,#7FC97F
NC_010087,label,#7FC97F
NC_010087,label,#7FC97F
NC_010087,label,#7FC97F
NC_010087,label,#7FC97F
NC_010103,label,#7FC97F
NC_010103,label,#7FC97F
NC_010104,label,#7FC97F
NC_010104,label,#7FC97F
NC_010162,label,#7FC97F
NC_010163,label,#CCEBC5
NC_010167,label,#7FC97F
NC_010167,label,#7FC97F
NC_010168,label,#F4CAE4
NC_010169,label,#7FC97F
NC_010169,label,#7FC97F
NC_010170,label,#7FC97F
NC_010170,label,#7FC97F
NC_010170,label,#7FC97F
NC_010170,label,#7FC97F
NC_010170,label,#7FC97F
NC_010170,label,#7FC97F
NC_010172,label,#7FC97F
NC_010172,label,#7FC97F
NC_010172,label,#7FC97F
NC_010172,label,#7FC97F
NC_010172,label,#7FC97F
NC_010184,label,#E6AB02
NC_010184,label,#E6AB02
NC_010184,label,#E6AB02
NC_010184,label,#E6AB02
NC_010184,label,#E6AB02
NC_010184,label,#E6AB02
NC_010184,label,#E6AB02
NC_010320,label,#E6AB02
NC_010321,label,#E6AB02
NC_010322,label,#7FC97F
NC_010322,label,#7FC97F
NC_010322,label,#7FC97F
NC_010336,label,#7FC97F
NC_010336,label,#7FC97F
NC_010336,label,#7FC97F
NC_010337,label,#E6AB02
NC_010338,label,#7FC97F
NC_010338,label,#7FC97F
NC_010338,label,#7FC97F
NC_010338,label,#7FC97F
NC_010424,label,#E6AB02
NC_010465,label,#7FC97F
NC_010465,label,#7FC97F
NC_010468,label,#7FC97F
NC_010468,label,#7FC97F
NC_010468,label,#7FC97F
NC_010473,label,#7FC97F
NC_010473,label,#7FC97F
NC_010473,label,#7FC97F
NC_010501,label,#7FC97F
NC_010501,label,#7FC97F
NC_010501,label,#7FC97F
NC_010505,label,#7FC97F
NC_010505,label,#7FC97F
NC_010505,label,#7FC97F
NC_010505,label,#7FC97F
NC_010505,label,#7FC97F
NC_010505,label,#7FC97F
NC_010505,label,#7FC97F
NC_010505,label,#7FC97F
NC_010505,label,#7FC97F
NC_010505,label,#7FC97F
NC_010505,label,#7FC97F
NC_010508,label,#7FC97F
NC_010508,label,#7FC97F
NC_010508,label,#7FC97F
NC_010508,label,#7FC97F
NC_010511,label,#7FC97F
NC_010511,label,#7FC97F
NC_010511,label,#7FC97F
NC_010511,label,#7FC97F
NC_010511,label,#7FC97F
NC_010512,label,#7FC97F
NC_010512,label,#7FC97F
NC_010512,label,#7FC97F
NC_010512,label,#7FC97F
NC_010515,label,#7FC97F
NC_010515,label,#7FC97F
NC_010515,label,#7FC97F
NC_010515,label,#7FC97F
NC_010516,label,#E6AB02
NC_010516,label,#E6AB02
NC_010520,label,#E6AB02
NC_010520,label,#E6AB02
NC_010524,label,#7FC97F
NC_010528,label,#7FC97F
NC_010528,label,#7FC97F
NC_010528,label,#7FC97F
NC_010528,label,#7FC97F
NC_010528,label,#7FC97F
NC_010530,label,#7FC97F
NC_010530,label,#7FC97F
NC_010530,label,#7FC97F
NC_010530,label,#7FC97F
NC_010530,label,#7FC97F
NC_010551,label,#7FC97F
NC_010551,label,#7FC97F
NC_010551,label,#7FC97F
NC_010551,label,#7FC97F
NC_010552,label,#7FC97F
NC_010552,label,#7FC97F
NC_010552,label,#7FC97F
NC_010552,label,#7FC97F
NC_010554,label,#7FC97F
NC_010554,label,#7FC97F
NC_010554,label,#7FC97F
NC_010556,label,#E6AB02
NC_010556,label,#E6AB02
NC_010556,label,#E6AB02
NC_010557,label,#7FC97F
NC_010557,label,#7FC97F
NC_010557,label,#7FC97F
NC_010557,label,#7FC97F
NC_010571,label,#666666
NC_010571,label,#666666
NC_010571,label,#666666
NC_010572,label,#F4CAE4
NC_010572,label,#F4CAE4
NC_010577,label,#7FC97F
NC_010577,label,#7FC97F
NC_010581,label,#7FC97F
NC_010581,label,#7FC97F
NC_010581,label,#7FC97F
NC_010581,label,#7FC97F
NC_010581,label,#7FC97F
NC_010602,label,#F0027F
NC_010602,label,#F0027F
NC_010602,label,#F0027F
NC_010602,label,#F0027F
NC_010617,label,#F4CAE4
NC_010622,label,#7FC97F
NC_010622,label,#7FC97F
NC_010622,label,#7FC97F
NC_010622,label,#7FC97F
NC_010623,label,#7FC97F
NC_010623,label,#7FC97F
NC_010623,label,#7FC97F
NC_010623,label,#7FC97F
NC_010628,label,#B3CDE3
NC_010628,label,#B3CDE3
NC_010628,label,#B3CDE3
NC_010628,label,#B3CDE3
NC_010628,label,#B3CDE3
NC_010628,label,#B3CDE3
NC_010628,label,#B3CDE3
NC_010634,label,#7FC97F
NC_010634,label,#7FC97F
NC_010634,label,#7FC97F
NC_010676,label,#7FC97F
NC_010676,label,#7FC97F
NC_010676,label,#7FC97F
NC_010676,label,#7FC97F
NC_010676,label,#7FC97F
NC_010676,label,#7FC97F
NC_010676,label,#7FC97F
NC_010677,label,#7FC97F
NC_010678,label,#7FC97F
NC_010678,label,#7FC97F
NC_010678,label,#7FC97F
NC_010681,label,#7FC97F
NC_010681,label,#7FC97F
NC_010681,label,#7FC97F
NC_010681,label,#7FC97F
NC_010681,label,#7FC97F
NC_010681,label,#7FC97F
NC_010681,label,#7FC97F
NC_010682,label,#7FC97F
NC_010682,label,#7FC97F
NC_010682,label,#7FC97F
NC_010688,label,#7FC97F
NC_010694,label,#7FC97F
NC_010694,label,#7FC97F
NC_010694,label,#7FC97F
NC_010694,label,#7FC97F
NC_010694,label,#7FC97F
NC_010694,label,#7FC97F
NC_010725,label,#7FC97F
NC_010725,label,#7FC97F
NC_010725,label,#7FC97F
NC_010725,label,#7FC97F
NC_010725,label,#7FC97F
NC_010725,label,#7FC97F
NC_010725,label,#7FC97F
NC_010730,label,#DECBE4
NC_010730,label,#DECBE4
NC_010794,label,#666666
NC_010794,label,#666666
NC_010814,label,#7FC97F
NC_010814,label,#7FC97F
NC_010814,label,#7FC97F
NC_010814,label,#7FC97F
NC_010842,label,#F0027F
NC_010842,label,#F0027F
NC_010842,label,#F0027F
NC_010842,label,#F0027F
NC_010943,label,#7FC97F
NC_010943,label,#7FC97F
NC_010943,label,#7FC97F
NC_010943,label,#7FC97F
NC_010943,label,#7FC97F
NC_010994,label,#7FC97F
NC_010994,label,#7FC97F
NC_010994,label,#7FC97F
NC_010994,label,#7FC97F
NC_010995,label,#7FC97F
NC_011004,label,#7FC97F
NC_011004,label,#7FC97F
NC_011004,label,#7FC97F
NC_011004,label,#7FC97F
NC_011071,label,#7FC97F
NC_011071,label,#7FC97F
NC_011071,label,#7FC97F
NC_011080,label,#7FC97F
NC_011080,label,#7FC97F
NC_011080,label,#7FC97F
NC_011080,label,#7FC97F
NC_011080,label,#7FC97F
NC_011083,label,#7FC97F
NC_011083,label,#7FC97F
NC_011083,label,#7FC97F
NC_011094,label,#7FC97F
NC_011094,label,#7FC97F
NC_011094,label,#7FC97F
NC_011094,label,#7FC97F
NC_011094,label,#7FC97F
NC_011145,label,#7FC97F
NC_011146,label,#7FC97F
NC_011146,label,#7FC97F
NC_011149,label,#7FC97F
NC_011149,label,#7FC97F
NC_011149,label,#7FC97F
NC_011205,label,#7FC97F
NC_011205,label,#7FC97F
NC_011365,label,#7FC97F
NC_011365,label,#7FC97F
NC_011365,label,#7FC97F
NC_011365,label,#7FC97F
NC_011369,label,#7FC97F
NC_011369,label,#7FC97F
NC_011369,label,#7FC97F
NC_011369,label,#7FC97F
NC_011369,label,#7FC97F
NC_011658,label,#E6AB02
NC_011658,label,#E6AB02
NC_011658,label,#E6AB02
NC_011658,label,#E6AB02
NC_011658,label,#E6AB02
NC_011658,label,#E6AB02
NC_011658,label,#E6AB02
NC_011660,label,#E6AB02
NC_011662,label,#7FC97F
NC_011662,label,#7FC97F
NC_011666,label,#7FC97F
NC_011666,label,#7FC97F
NC_011725,label,#E6AB02
NC_011725,label,#E6AB02
NC_011725,label,#E6AB02
NC_011726,label,#B3CDE3
NC_011726,label,#B3CDE3
NC_011726,label,#B3CDE3
NC_011726,label,#B3CDE3
NC_011726,label,#B3CDE3
NC_011726,label,#B3CDE3
NC_011729,label,#B3CDE3
NC_011729,label,#B3CDE3
NC_011729,label,#B3CDE3
NC_011729,label,#B3CDE3
NC_011729,label,#B3CDE3
NC_011729,label,#B3CDE3
NC_011729,label,#B3CDE3
NC_011729,label,#B3CDE3
NC_011757,label,#7FC97F
NC_011757,label,#7FC97F
NC_011757,label,#7FC97F
NC_011757,label,#7FC97F
NC_011757,label,#7FC97F
NC_011757,label,#7FC97F
NC_011757,label,#7FC97F
NC_011761,label,#7FC97F
NC_011769,label,#7FC97F
NC_011770,label,#7FC97F
NC_011770,label,#7FC97F
NC_011772,label,#E6AB02
NC_011772,label,#E6AB02
NC_011772,label,#E6AB02
NC_011772,label,#E6AB02
NC_011772,label,#E6AB02
NC_011773,label,#E6AB02
NC_011773,label,#E6AB02
NC_011773,label,#E6AB02
NC_011773,label,#E6AB02
NC_011773,label,#E6AB02
NC_011773,label,#E6AB02
NC_011773,label,#E6AB02
NC_011830,label,#E6AB02
NC_011830,label,#E6AB02
NC_011830,label,#E6AB02
NC_011830,label,#E6AB02
NC_011830,label,#E6AB02
NC_011837,label,#E6AB02
NC_011837,label,#E6AB02
NC_011852,label,#7FC97F
NC_011884,label,#B3CDE3
NC_011884,label,#B3CDE3
NC_011884,label,#B3CDE3
NC_011884,label,#B3CDE3
NC_011886,label,#F4CAE4
NC_011886,label,#F4CAE4
NC_011886,label,#F4CAE4
NC_011891,label,#7FC97F
NC_011894,label,#7FC97F
NC_011894,label,#7FC97F
NC_011894,label,#7FC97F
NC_011894,label,#7FC97F
NC_011894,label,#7FC97F
NC_011894,label,#7FC97F
NC_011894,label,#7FC97F
NC_011894,label,#7FC97F
NC_011894,label,#7FC97F
NC_011894,label,#7FC97F
NC_011898,label,#E6AB02
NC_011958,label,#7FC97F
NC_011958,label,#7FC97F
NC_011958,label,#7FC97F
NC_011958,label,#7FC97F
NC_011963,label,#7FC97F
NC_011963,label,#7FC97F
NC_011963,label,#7FC97F
NC_011963,label,#7FC97F
NC_011969,label,#E6AB02
NC_011969,label,#E6AB02
NC_011969,label,#E6AB02
NC_011969,label,#E6AB02
NC_011969,label,#E6AB02
NC_011979,label,#7FC97F
NC_011985,label,#7FC97F
NC_011985,label,#7FC97F
NC_011985,label,#7FC97F
NC_011985,label,#7FC97F
NC_011985,label,#7FC97F
NC_011985,label,#7FC97F
NC_011988,label,#7FC97F
NC_011988,label,#7FC97F
NC_011988,label,#7FC97F
NC_011988,label,#7FC97F
NC_011988,label,#7FC97F
NC_011988,label,#7FC97F
NC_011988,label,#7FC97F
NC_011988,label,#7FC97F
NC_011989,label,#7FC97F
NC_011989,label,#7FC97F
NC_011989,label,#7FC97F
NC_011989,label,#7FC97F
NC_011989,label,#7FC97F
NC_011989,label,#7FC97F
NC_011989,label,#7FC97F
NC_011989,label,#7FC97F
NC_011992,label,#7FC97F
NC_011992,label,#7FC97F
NC_011992,label,#7FC97F
NC_011992,label,#7FC97F
NC_012004,label,#E6AB02
NC_012039,label,#7FC97F
NC_012039,label,#7FC97F
NC_012207,label,#F4CAE4
NC_012207,label,#F4CAE4
NC_012214,label,#7FC97F
NC_012214,label,#7FC97F
NC_012214,label,#7FC97F
NC_012214,label,#7FC97F
NC_012214,label,#7FC97F
NC_012438,label,#DECBE4
NC_012438,label,#DECBE4
NC_012472,label,#E6AB02
NC_012472,label,#E6AB02
NC_012472,label,#E6AB02
NC_012472,label,#E6AB02
NC_012483,label,#FDB462
NC_012483,label,#FDB462
NC_012488,label,#E6AB02
NC_012489,label,#B3DE69
NC_012489,label,#B3DE69
NC_012489,label,#B3DE69
NC_012491,label,#E6AB02
NC_012491,label,#E6AB02
NC_012491,label,#E6AB02
NC_012522,label,#F4CAE4
NC_012522,label,#F4CAE4
NC_012522,label,#F4CAE4
NC_012522,label,#F4CAE4
NC_012522,label,#F4CAE4
NC_012522,label,#F4CAE4
NC_012522,label,#F4CAE4
NC_012522,label,#F4CAE4
NC_012522,label,#F4CAE4
NC_012522,label,#F4CAE4
NC_012526,label,#E31A1C
NC_012526,label,#E31A1C
NC_012526,label,#E31A1C
NC_012526,label,#E31A1C
NC_012560,label,#7FC97F
NC_012560,label,#7FC97F
NC_012560,label,#7FC97F
NC_012563,label,#E6AB02
NC_012563,label,#E6AB02
NC_012658,label,#E6AB02
NC_012658,label,#E6AB02
NC_012658,label,#E6AB02
NC_012659,label,#E6AB02
NC_012659,label,#E6AB02
NC_012659,label,#E6AB02
NC_012659,label,#E6AB02
NC_012659,label,#E6AB02
NC_012660,label,#7FC97F
NC_012660,label,#7FC97F
NC_012669,label,#F4CAE4
NC_012673,label,#E6AB02
NC_012721,label,#7FC97F
NC_012721,label,#7FC97F
NC_012721,label,#7FC97F
NC_012721,label,#7FC97F
NC_012721,label,#7FC97F
NC_012721,label,#7FC97F
NC_012721,label,#7FC97F
NC_012721,label,#7FC97F
NC_012724,label,#7FC97F
NC_012724,label,#7FC97F
NC_012724,label,#7FC97F
NC_012724,label,#7FC97F
NC_012724,label,#7FC97F
NC_012724,label,#7FC97F
NC_012724,label,#7FC97F
NC_012724,label,#7FC97F
NC_012731,label,#7FC97F
NC_012731,label,#7FC97F
NC_012731,label,#7FC97F
NC_012731,label,#7FC97F
NC_012778,label,#E6AB02
NC_012778,label,#E6AB02
NC_012778,label,#E6AB02
NC_012791,label,#7FC97F
NC_012791,label,#7FC97F
NC_012791,label,#7FC97F
NC_012791,label,#7FC97F
NC_012796,label,#7FC97F
NC_012796,label,#7FC97F
NC_012796,label,#7FC97F
NC_012803,label,#F4CAE4
NC_012850,label,#7FC97F
NC_012850,label,#7FC97F
NC_012850,label,#7FC97F
NC_012850,label,#7FC97F
NC_012850,label,#7FC97F
NC_012850,label,#7FC97F
NC_012856,label,#7FC97F
NC_012856,label,#7FC97F
NC_012856,label,#7FC97F
NC_012856,label,#7FC97F
NC_012856,label,#7FC97F
NC_012856,label,#7FC97F
NC_012856,label,#7FC97F
NC_012856,label,#7FC97F
NC_012857,label,#7FC97F
NC_012857,label,#7FC97F
NC_012857,label,#7FC97F
NC_012857,label,#7FC97F
NC_012857,label,#7FC97F
NC_012857,label,#7FC97F
NC_012857,label,#7FC97F
NC_012857,label,#7FC97F
NC_012881,label,#7FC97F
NC_012881,label,#7FC97F
NC_012917,label,#7FC97F
NC_012918,label,#7FC97F
NC_012918,label,#7FC97F
NC_012947,label,#7FC97F
NC_012947,label,#7FC97F
NC_012947,label,#7FC97F
NC_012967,label,#7FC97F
NC_012967,label,#7FC97F
NC_012967,label,#7FC97F
NC_012971,label,#7FC97F
NC_012971,label,#7FC97F
NC_012971,label,#7FC97F
NC_012988,label,#7FC97F
NC_012988,label,#7FC97F
NC_012988,label,#7FC97F
NC_012988,label,#7FC97F
NC_012988,label,#7FC97F
NC_012988,label,#7FC97F
NC_012988,label,#7FC97F
NC_012988,label,#7FC97F
NC_012988,label,#7FC97F
NC_013016,label,#7FC97F
NC_013061,label,black
NC_013061,label,black
NC_013062,label,black
NC_013118,label,#7FC97F
NC_013118,label,#7FC97F
NC_013119,label,#7FC97F
NC_013119,label,#7FC97F
NC_013131,label,#F4CAE4
NC_013132,label,black
NC_013132,label,black
NC_013132,label,black
NC_013159,label,#F4CAE4
NC_013161,label,#B3CDE3
NC_013161,label,#B3CDE3
NC_013161,label,#B3CDE3
NC_013161,label,#B3CDE3
NC_013161,label,#B3CDE3
NC_013161,label,#B3CDE3
NC_013161,label,#B3CDE3
NC_013173,label,#7FC97F
NC_013173,label,#7FC97F
NC_013194,label,#7FC97F
NC_013194,label,#7FC97F
NC_013194,label,#7FC97F
NC_013194,label,#7FC97F
NC_013194,label,#7FC97F
NC_013209,label,#7FC97F
NC_013209,label,#7FC97F
NC_013209,label,#7FC97F
NC_013209,label,#7FC97F
NC_013209,label,#7FC97F
NC_013209,label,#7FC97F
NC_013209,label,#7FC97F
NC_013355,label,#7FC97F
NC_013355,label,#7FC97F
NC_013355,label,#7FC97F
NC_013355,label,#7FC97F
NC_013355,label,#7FC97F
NC_013355,label,#7FC97F
NC_013421,label,#7FC97F
NC_013446,label,#7FC97F
NC_013446,label,#7FC97F
NC_013446,label,#7FC97F
NC_013446,label,#7FC97F
NC_013446,label,#7FC97F
NC_013510,label,#F4CAE4
NC_013512,label,#7FC97F
NC_013525,label,#A65628
NC_013525,label,#A65628
NC_013530,label,#F4CAE4
NC_013530,label,#F4CAE4
NC_013552,label,#999999
NC_013552,label,#999999
NC_013552,label,#999999
NC_013592,label,#7FC97F
NC_013592,label,#7FC97F
NC_013592,label,#7FC97F
NC_013595,label,#F4CAE4
NC_013595,label,#F4CAE4
NC_013722,label,#7FC97F
NC_013722,label,#7FC97F
NC_013722,label,#7FC97F
NC_013722,label,#7FC97F
NC_013729,label,#F4CAE4
NC_013729,label,#F4CAE4
NC_013766,label,#E6AB02
NC_013766,label,#E6AB02
NC_013768,label,#E6AB02
NC_013791,label,#E6AB02
NC_013791,label,#E6AB02
NC_013791,label,#E6AB02
NC_013791,label,#E6AB02
NC_013850,label,#7FC97F
NC_013850,label,#7FC97F
NC_013850,label,#7FC97F
NC_013854,label,#7FC97F
NC_013854,label,#7FC97F
NC_013854,label,#7FC97F
NC_013854,label,#7FC97F
NC_013854,label,#7FC97F
NC_013854,label,#7FC97F
NC_013854,label,#7FC97F
NC_013854,label,#7FC97F
NC_013854,label,#7FC97F
NC_013861,label,#7FC97F
NC_013861,label,#7FC97F
NC_013890,label,#999999
NC_013890,label,#999999
NC_013890,label,#999999
NC_013891,label,#E6AB02
NC_013892,label,#7FC97F
NC_013921,label,#E6AB02
NC_013929,label,#F4CAE4
NC_013941,label,#7FC97F
NC_013941,label,#7FC97F
NC_013941,label,#7FC97F
NC_013941,label,#7FC97F
NC_013943,label,#CCCCCC
NC_013943,label,#CCCCCC
NC_013943,label,#CCCCCC
NC_013947,label,#F4CAE4
NC_013947,label,#F4CAE4
NC_013947,label,#F4CAE4
NC_013947,label,#F4CAE4
NC_013947,label,#F4CAE4
NC_013961,label,#7FC97F
NC_013961,label,#7FC97F
NC_013971,label,#7FC97F
NC_013971,label,#7FC97F
NC_013971,label,#7FC97F
NC_014006,label,#7FC97F
NC_014006,label,#7FC97F
NC_014006,label,#7FC97F
NC_014006,label,#7FC97F
NC_014006,label,#7FC97F
NC_014006,label,#7FC97F
NC_014006,label,#7FC97F
NC_014006,label,#7FC97F
NC_014013,label,#7FC97F
NC_014013,label,#7FC97F
NC_014013,label,#7FC97F
NC_014013,label,#7FC97F
NC_014013,label,#7FC97F
NC_014013,label,#7FC97F
NC_014013,label,#7FC97F
NC_014013,label,#7FC97F
NC_014019,label,#E6AB02
NC_014019,label,#E6AB02
NC_014019,label,#E6AB02
NC_014019,label,#E6AB02
NC_014019,label,#E6AB02
NC_014019,label,#E6AB02
NC_014019,label,#E6AB02
NC_014019,label,#E6AB02
NC_014019,label,#E6AB02
NC_014019,label,#E6AB02
NC_014019,label,#E6AB02
NC_014034,label,#7FC97F
NC_014034,label,#7FC97F
NC_014100,label,#7FC97F
NC_014100,label,#7FC97F
NC_014100,label,#7FC97F
NC_014100,label,#7FC97F
NC_014100,label,#7FC97F
NC_014100,label,#7FC97F
NC_014103,label,#E6AB02
NC_014103,label,#E6AB02
NC_014103,label,#E6AB02
NC_014117,label,#7FC97F
NC_014117,label,#7FC97F
NC_014117,label,#7FC97F
NC_014117,label,#7FC97F
NC_014117,label,#7FC97F
NC_014118,label,#7FC97F
NC_014118,label,#7FC97F
NC_014118,label,#7FC97F
NC_014118,label,#7FC97F
NC_014118,label,#7FC97F
NC_014125,label,#7FC97F
NC_014145,label,#7FC97F
NC_014145,label,#7FC97F
NC_014145,label,#7FC97F
NC_014145,label,#7FC97F
NC_014145,label,#7FC97F
NC_014151,label,#F4CAE4
NC_014151,label,#F4CAE4
NC_014153,label,#7FC97F
NC_014153,label,#7FC97F
NC_014153,label,#7FC97F
NC_014153,label,#7FC97F
NC_014158,label,#F4CAE4
NC_014158,label,#F4CAE4
NC_014158,label,#F4CAE4
NC_014166,label,#7FC97F
NC_014166,label,#7FC97F
NC_014171,label,#E6AB02
NC_014171,label,#E6AB02
NC_014171,label,#E6AB02
NC_014171,label,#E6AB02
NC_014171,label,#E6AB02
NC_014210,label,#F4CAE4
NC_014210,label,#F4CAE4
NC_014211,label,#F4CAE4
NC_014211,label,#F4CAE4
NC_014215,label,#F4CAE4
NC_014217,label,#7FC97F
NC_014217,label,#7FC97F
NC_014217,label,#7FC97F
NC_014228,label,#7FC97F
NC_014228,label,#7FC97F
NC_014259,label,#7FC97F
NC_014259,label,#7FC97F
NC_014307,label,#7FC97F
NC_014311,label,#7FC97F
NC_014311,label,#7FC97F
NC_014313,label,#7FC97F
NC_014313,label,#7FC97F
NC_014313,label,#7FC97F
NC_014314,label,#999999
NC_014314,label,#999999
NC_014319,label,#E6AB02
NC_014328,label,#E6AB02
NC_014328,label,#E6AB02
NC_014330,label,#F0027F
NC_014364,label,#F0027F
NC_014365,label,#7FC97F
NC_014365,label,#7FC97F
NC_014393,label,#E6AB02
NC_014394,label,#7FC97F
NC_014394,label,#7FC97F
NC_014479,label,#E6AB02
NC_014479,label,#E6AB02
NC_014483,label,#E6AB02
NC_014483,label,#E6AB02
NC_014500,label,#7FC97F
NC_014500,label,#7FC97F
NC_014501,label,#B3CDE3
NC_014501,label,#B3CDE3
NC_014501,label,#B3CDE3
NC_014501,label,#B3CDE3
NC_014501,label,#B3CDE3
NC_014501,label,#B3CDE3
NC_014501,label,#B3CDE3
NC_014532,label,#7FC97F
NC_014538,label,#E6AB02
NC_014551,label,#E6AB02
NC_014551,label,#E6AB02
NC_014614,label,#E6AB02
NC_014614,label,#E6AB02
NC_014618,label,#7FC97F
NC_014618,label,#7FC97F
NC_014618,label,#7FC97F
NC_014618,label,#7FC97F
NC_014622,label,#E6AB02
NC_014622,label,#E6AB02
NC_014623,label,#7FC97F
NC_014625,label,#7FC97F
NC_014625,label,#7FC97F
NC_014625,label,#7FC97F
NC_014632,label,#66A61E
NC_014632,label,#66A61E
NC_014632,label,#66A61E
NC_014639,label,#E6AB02
NC_014639,label,#E6AB02
NC_014640,label,#7FC97F
NC_014640,label,#7FC97F
NC_014640,label,#7FC97F
NC_014640,label,#7FC97F
NC_014640,label,#7FC97F
NC_014640,label,#7FC97F
NC_014640,label,#7FC97F
NC_014640,label,#7FC97F
NC_014654,label,#E6AB02
NC_014655,label,black
NC_014659,label,#F4CAE4
NC_014659,label,#F4CAE4
NC_014659,label,#F4CAE4
NC_014666,label,#F4CAE4
NC_014722,label,#7FC97F
NC_014722,label,#7FC97F
NC_014722,label,#7FC97F
NC_014733,label,#7FC97F
NC_014733,label,#7FC97F
NC_014734,label,black
NC_014734,label,black
NC_014815,label,#F4CAE4
NC_014815,label,#F4CAE4
NC_014816,label,#7FC97F
NC_014816,label,#7FC97F
NC_014816,label,#7FC97F
NC_014816,label,#7FC97F
NC_014816,label,#7FC97F
NC_014816,label,#7FC97F
NC_014817,label,#7FC97F
NC_014817,label,#7FC97F
NC_014817,label,#7FC97F
NC_014817,label,#7FC97F
NC_014817,label,#7FC97F
NC_014817,label,#7FC97F
NC_014829,label,#E6AB02
NC_014829,label,#E6AB02
NC_014831,label,#E6AB02
NC_014833,label,#E6AB02
NC_014833,label,#E6AB02
NC_014833,label,#E6AB02
NC_014833,label,#E6AB02
NC_014833,label,#E6AB02
NC_014834,label,#7FC97F
NC_014834,label,#7FC97F
NC_014834,label,#7FC97F
NC_014834,label,#7FC97F
NC_014844,label,#7FC97F
NC_014844,label,#7FC97F
NC_014910,label,#7FC97F
NC_014910,label,#7FC97F
NC_014910,label,#7FC97F
NC_014924,label,#7FC97F
NC_014924,label,#7FC97F
NC_014924,label,#7FC97F
NC_014958,label,#E31A1C
NC_014963,label,#FDB462
NC_014963,label,#FDB462
NC_014972,label,#7FC97F
NC_014972,label,#7FC97F
NC_014972,label,#7FC97F
NC_014972,label,#7FC97F
NC_014973,label,#7FC97F
NC_014973,label,#7FC97F
NC_014976,label,#E6AB02
NC_014976,label,#E6AB02
NC_014976,label,#E6AB02
NC_014976,label,#E6AB02
NC_015061,label,#7FC97F
NC_015061,label,#7FC97F
NC_015061,label,#7FC97F
NC_015061,label,#7FC97F
NC_015136,label,#7FC97F
NC_015136,label,#7FC97F
NC_015136,label,#7FC97F
NC_015137,label,#7FC97F
NC_015137,label,#7FC97F
NC_015137,label,#7FC97F
NC_015145,label,#F4CAE4
NC_015145,label,#F4CAE4
NC_015145,label,#F4CAE4
NC_015161,label,#E31A1C
NC_015161,label,#E31A1C
NC_015161,label,#E31A1C
NC_015161,label,#E31A1C
NC_015161,label,#E31A1C
NC_015167,label,black
NC_015167,label,black
NC_015177,label,black
NC_015177,label,black
NC_015222,label,#7FC97F
NC_015222,label,#7FC97F
NC_015222,label,#7FC97F
NC_015222,label,#7FC97F
NC_015222,label,#7FC97F
NC_015312,label,#F4CAE4
NC_015312,label,#F4CAE4
NC_015312,label,#F4CAE4
NC_015312,label,#F4CAE4
NC_015376,label,#7FC97F
NC_015376,label,#7FC97F
NC_015376,label,#7FC97F
NC_015376,label,#7FC97F
NC_015376,label,#7FC97F
NC_015376,label,#7FC97F
NC_015376,label,#7FC97F
NC_015379,label,#7FC97F
NC_015379,label,#7FC97F
NC_015381,label,#7FC97F
NC_015381,label,#7FC97F
NC_015381,label,#7FC97F
NC_015381,label,#7FC97F
NC_015381,label,#7FC97F
NC_015381,label,#7FC97F
NC_015381,label,#7FC97F
NC_015425,label,#E6AB02
NC_015425,label,#E6AB02
NC_015425,label,#E6AB02
NC_015425,label,#E6AB02
NC_015425,label,#E6AB02
NC_015425,label,#E6AB02
NC_015433,label,#E6AB02
NC_015460,label,#7FC97F
NC_015460,label,#7FC97F
NC_015460,label,#7FC97F
NC_015520,label,#E6AB02
NC_015563,label,#7FC97F
NC_015563,label,#7FC97F
NC_015565,label,#E6AB02
NC_015565,label,#E6AB02
NC_015567,label,#7FC97F
NC_015567,label,#7FC97F
NC_015567,label,#7FC97F
NC_015573,label,#E6AB02
NC_015573,label,#E6AB02
NC_015573,label,#E6AB02
NC_015573,label,#E6AB02
NC_015577,label,#F0027F
NC_015578,label,#F0027F
NC_015580,label,#7FC97F
NC_015580,label,#7FC97F
NC_015580,label,#7FC97F
NC_015580,label,#7FC97F
NC_015580,label,#7FC97F
NC_015580,label,#7FC97F
NC_015589,label,#E6AB02
NC_015589,label,#E6AB02
NC_015589,label,#E6AB02
NC_015590,label,#7FC97F
NC_015590,label,#7FC97F
NC_015590,label,#7FC97F
NC_015590,label,#7FC97F
NC_015590,label,#7FC97F
NC_015593,label,#7FC97F
NC_015593,label,#7FC97F
NC_015593,label,#7FC97F
NC_015593,label,#7FC97F
NC_015594,label,#7FC97F
NC_015594,label,#7FC97F
NC_015594,label,#7FC97F
NC_015594,label,#7FC97F
NC_015601,label,#E6AB02
NC_015634,label,#E6AB02
NC_015634,label,#E6AB02
NC_015635,label,#F4CAE4
NC_015635,label,#F4CAE4
NC_015635,label,#F4CAE4
NC_015656,label,#F4CAE4
NC_015656,label,#F4CAE4
NC_015656,label,#F4CAE4
NC_015675,label,#7FC97F
NC_015677,label,#7FC97F
NC_015683,label,#F4CAE4
NC_015684,label,#7FC97F
NC_015684,label,#7FC97F
NC_015684,label,#7FC97F
NC_015684,label,#7FC97F
NC_015684,label,#7FC97F
NC_015684,label,#7FC97F
NC_015684,label,#7FC97F
NC_015684,label,#7FC97F
NC_015687,label,#E6AB02
NC_015687,label,#E6AB02
NC_015687,label,#E6AB02
NC_015690,label,#E6AB02
NC_015690,label,#E6AB02
NC_015690,label,#E6AB02
NC_015690,label,#E6AB02
NC_015696,label,#7FC97F
NC_015696,label,#7FC97F
NC_015696,label,#7FC97F
NC_015707,label,#FFFFCC
NC_015707,label,#FFFFCC
NC_015717,label,#7FC97F
NC_015717,label,#7FC97F
NC_015723,label,#7FC97F
NC_015723,label,#7FC97F
NC_015723,label,#7FC97F
NC_015723,label,#7FC97F
NC_015723,label,#7FC97F
NC_015726,label,#7FC97F
NC_015726,label,#7FC97F
NC_015726,label,#7FC97F
NC_015726,label,#7FC97F
NC_015726,label,#7FC97F
NC_015733,label,#7FC97F
NC_015733,label,#7FC97F
NC_015733,label,#7FC97F
NC_015734,label,#E6AB02
NC_015758,label,#F4CAE4
NC_015758,label,#F4CAE4
NC_015846,label,black
NC_015856,label,#7FC97F
NC_015856,label,#7FC97F
NC_015856,label,#7FC97F
NC_015857,label,#7FC97F
NC_015857,label,#7FC97F
NC_015858,label,#7FC97F
NC_015858,label,#7FC97F
NC_015859,label,#F4CAE4
NC_015942,label,#7FC97F
NC_015942,label,#7FC97F
NC_015947,label,#7FC97F
NC_015947,label,#7FC97F
NC_015953,label,#F4CAE4
NC_015953,label,#F4CAE4
NC_015957,label,#F4CAE4
NC_015957,label,#F4CAE4
NC_015957,label,#F4CAE4
NC_015957,label,#F4CAE4
NC_015976,label,#7FC97F
NC_015976,label,#7FC97F
NC_015976,label,#7FC97F
NC_015976,label,#7FC97F
NC_015976,label,#7FC97F
NC_016001,label,black
NC_016001,label,black
NC_016002,label,#7FC97F
NC_016002,label,#7FC97F
NC_016023,label,#E6AB02
NC_016023,label,#E6AB02
NC_016024,label,#FDB462
NC_016024,label,#FDB462
NC_016026,label,#7FC97F
NC_016047,label,#E6AB02
NC_016047,label,#E6AB02
NC_016109,label,#F4CAE4
NC_016111,label,#F4CAE4
NC_016111,label,#F4CAE4
NC_016111,label,#F4CAE4
NC_016111,label,#F4CAE4
NC_016114,label,#F4CAE4
NC_016114,label,#F4CAE4
NC_016114,label,#F4CAE4
NC_016147,label,#7FC97F
NC_016147,label,#7FC97F
NC_016147,label,#7FC97F
NC_016147,label,#7FC97F
NC_016148,label,#FF7F00
NC_016148,label,#FF7F00
NC_016148,label,#FF7F00
NC_016510,label,black
NC_016514,label,#7FC97F
NC_016514,label,#7FC97F
NC_016514,label,#7FC97F
NC_016514,label,#7FC97F
NC_016582,label,#F4CAE4
NC_016584,label,#E6AB02
NC_016589,label,#7FC97F
NC_016589,label,#7FC97F
NC_016589,label,#7FC97F
NC_016589,label,#7FC97F
NC_016589,label,#7FC97F
NC_016589,label,#7FC97F
NC_016589,label,#7FC97F
NC_016589,label,#7FC97F
NC_016590,label,#7FC97F
NC_016590,label,#7FC97F
NC_016590,label,#7FC97F
NC_016590,label,#7FC97F
NC_016590,label,#7FC97F
NC_016590,label,#7FC97F
NC_016590,label,#7FC97F
NC_016590,label,#7FC97F
NC_016604,label,#F4CAE4
NC_016604,label,#F4CAE4
NC_016604,label,#F4CAE4
NC_016609,label,black
NC_016612,label,#7FC97F
NC_016616,label,#7FC97F
NC_016617,label,#7FC97F
NC_016617,label,#7FC97F
NC_016617,label,#7FC97F
NC_016617,label,#7FC97F
NC_016617,label,#7FC97F
NC_016617,label,#7FC97F
NC_016617,label,#7FC97F
NC_016620,label,#7FC97F
NC_016620,label,#7FC97F
NC_016620,label,#7FC97F
NC_016622,label,#7FC97F
NC_016622,label,#7FC97F
NC_016622,label,#7FC97F
NC_016622,label,#7FC97F
NC_016622,label,#7FC97F
NC_016622,label,#7FC97F
NC_016622,label,#7FC97F
NC_016622,label,#7FC97F
NC_016625,label,#7FC97F
NC_016625,label,#7FC97F
NC_016625,label,#7FC97F
NC_016625,label,#7FC97F
NC_016625,label,#7FC97F
NC_016625,label,#7FC97F
NC_016625,label,#7FC97F
NC_016625,label,#7FC97F
NC_016627,label,#E6AB02
NC_016627,label,#E6AB02
NC_016627,label,#E6AB02
NC_016627,label,#E6AB02
NC_016629,label,#7FC97F
NC_016629,label,#7FC97F
NC_016631,label,#FDB462
NC_016631,label,#FDB462
NC_016641,label,#E6AB02
NC_016641,label,#E6AB02
NC_016771,label,#E6AB02
NC_016771,label,#E6AB02
NC_016771,label,#E6AB02
NC_016771,label,#E6AB02
NC_016771,label,#E6AB02
NC_016771,label,#E6AB02
NC_016771,label,#E6AB02
NC_016771,label,#E6AB02
NC_016779,label,#E6AB02
NC_016779,label,#E6AB02
NC_016779,label,#E6AB02
NC_016779,label,#E6AB02
NC_016779,label,#E6AB02
NC_016779,label,#E6AB02
NC_016779,label,#E6AB02
NC_016784,label,#E6AB02
NC_016784,label,#E6AB02
NC_016790,label,#F4CAE4
NC_016800,label,#F4CAE4
NC_016800,label,#F4CAE4
NC_016801,label,#F4CAE4
NC_016811,label,#7FC97F
NC_016812,label,#7FC97F
NC_016812,label,#7FC97F
NC_016812,label,#7FC97F
NC_016812,label,#7FC97F
NC_016812,label,#7FC97F
NC_016816,label,#7FC97F
NC_016816,label,#7FC97F
NC_016816,label,#7FC97F
NC_016816,label,#7FC97F
NC_016826,label,#E6AB02
NC_016826,label,#E6AB02
NC_016830,label,#7FC97F
NC_016830,label,#7FC97F
NC_016831,label,#7FC97F
NC_016832,label,#7FC97F
NC_016832,label,#7FC97F
NC_016854,label,#7FC97F
NC_016856,label,#7FC97F
NC_016856,label,#7FC97F
NC_016857,label,#7FC97F
NC_016857,label,#7FC97F
NC_016857,label,#7FC97F
NC_016857,label,#7FC97F
NC_016860,label,#7FC97F
NC_016860,label,#7FC97F
NC_016860,label,#7FC97F
NC_016863,label,#7FC97F
NC_016863,label,#7FC97F
NC_016887,label,#F4CAE4
NC_016894,label,#E6AB02
NC_016906,label,#F4CAE4
NC_016906,label,#F4CAE4
NC_016906,label,#F4CAE4
NC_016935,label,#E6AB02
NC_016935,label,#E6AB02
NC_016935,label,#E6AB02
NC_016935,label,#E6AB02
NC_016943,label,#F4CAE4
NC_016946,label,#F4CAE4
NC_016946,label,#F4CAE4
NC_016946,label,#F4CAE4
NC_016946,label,#F4CAE4
NC_016947,label,#F4CAE4
NC_016947,label,#F4CAE4
NC_016947,label,#F4CAE4
NC_016947,label,#F4CAE4
NC_016948,label,#F4CAE4
NC_016948,label,#F4CAE4
NC_016948,label,#F4CAE4
NC_016948,label,#F4CAE4
NC_017030,label,#7FC97F
NC_017031,label,#F4CAE4
NC_017046,label,#7FC97F
NC_017046,label,#7FC97F
NC_017047,label,#7FC97F
NC_017047,label,#7FC97F
NC_017047,label,#7FC97F
NC_017047,label,#7FC97F
NC_017047,label,#7FC97F
NC_017059,label,#7FC97F
NC_017061,label,#E6AB02
NC_017061,label,#E6AB02
NC_017082,label,#7FC97F
NC_017082,label,#7FC97F
NC_017082,label,#7FC97F
NC_017093,label,#F4CAE4
NC_017093,label,#F4CAE4
NC_017094,label,#A6CEE3
NC_017094,label,#A6CEE3
NC_017094,label,#A6CEE3
NC_017095,label,#FFFFCC
NC_017100,label,#7FC97F
NC_017100,label,#7FC97F
NC_017100,label,#7FC97F
NC_017100,label,#7FC97F
NC_017100,label,#7FC97F
NC_017100,label,#7FC97F
NC_017100,label,#7FC97F
NC_017108,label,#7FC97F
NC_017108,label,#7FC97F
NC_017108,label,#7FC97F
NC_017108,label,#7FC97F
NC_017108,label,#7FC97F
NC_017108,label,#7FC97F
NC_017108,label,#7FC97F
NC_017111,label,#7FC97F
NC_017111,label,#7FC97F
NC_017111,label,#7FC97F
NC_017111,label,#7FC97F
NC_017111,label,#7FC97F
NC_017111,label,#7FC97F
NC_017111,label,#7FC97F
NC_017111,label,#7FC97F
NC_017121,label,#7FC97F
NC_017121,label,#7FC97F
NC_017121,label,#7FC97F
NC_017121,label,#7FC97F
NC_017121,label,#7FC97F
NC_017121,label,#7FC97F
NC_017121,label,#7FC97F
NC_017125,label,#7FC97F
NC_017125,label,#7FC97F
NC_017125,label,#7FC97F
NC_017125,label,#7FC97F
NC_017125,label,#7FC97F
NC_017125,label,#7FC97F
NC_017125,label,#7FC97F
NC_017146,label,#7FC97F
NC_017146,label,#7FC97F
NC_017146,label,#7FC97F
NC_017146,label,#7FC97F
NC_017146,label,#7FC97F
NC_017146,label,#7FC97F
NC_017146,label,#7FC97F
NC_017150,label,#7FC97F
NC_017150,label,#7FC97F
NC_017150,label,#7FC97F
NC_017150,label,#7FC97F
NC_017150,label,#7FC97F
NC_017150,label,#7FC97F
NC_017150,label,#7FC97F
NC_017161,label,#DECBE4
NC_017161,label,#DECBE4
NC_017168,label,#7FC97F
NC_017168,label,#7FC97F
NC_017168,label,#7FC97F
NC_017168,label,#7FC97F
NC_017188,label,#E6AB02
NC_017188,label,#E6AB02
NC_017190,label,#E6AB02
NC_017190,label,#E6AB02
NC_017190,label,#E6AB02
NC_017191,label,#E6AB02
NC_017191,label,#E6AB02
NC_017195,label,#E6AB02
NC_017195,label,#E6AB02
NC_017195,label,#E6AB02
NC_017196,label,#E6AB02
NC_017196,label,#E6AB02
NC_017196,label,#E6AB02
NC_017200,label,#E6AB02
NC_017200,label,#E6AB02
NC_017200,label,#E6AB02
NC_017200,label,#E6AB02
NC_017200,label,#E6AB02
NC_017208,label,#E6AB02
NC_017208,label,#E6AB02
NC_017208,label,#E6AB02
NC_017208,label,#E6AB02
NC_017208,label,#E6AB02
NC_017208,label,#E6AB02
NC_017208,label,#E6AB02
NC_017208,label,#E6AB02
NC_017208,label,#E6AB02
NC_017208,label,#E6AB02
NC_017208,label,#E6AB02
NC_017208,label,#E6AB02
NC_017208,label,#E6AB02
NC_017246,label,#7FC97F
NC_017246,label,#7FC97F
NC_017247,label,#7FC97F
NC_017247,label,#7FC97F
NC_017249,label,#7FC97F
NC_017249,label,#7FC97F
NC_017295,label,#E6AB02
NC_017295,label,#E6AB02
NC_017299,label,#E6AB02
NC_017299,label,#E6AB02
NC_017300,label,#F4CAE4
NC_017310,label,#7FC97F
NC_017310,label,#7FC97F
NC_017317,label,#F4CAE4
NC_017322,label,#7FC97F
NC_017322,label,#7FC97F
NC_017322,label,#7FC97F
NC_017325,label,#7FC97F
NC_017325,label,#7FC97F
NC_017325,label,#7FC97F
NC_017384,label,#7FC97F
NC_017384,label,#7FC97F
NC_017384,label,#7FC97F
NC_017390,label,#7FC97F
NC_017390,label,#7FC97F
NC_017390,label,#7FC97F
NC_017390,label,#7FC97F
NC_017390,label,#7FC97F
NC_017445,label,#7FC97F
NC_017445,label,#7FC97F
NC_017445,label,#7FC97F
NC_017445,label,#7FC97F
NC_017445,label,#7FC97F
NC_017445,label,#7FC97F
NC_017449,label,#7FC97F
NC_017450,label,#7FC97F
NC_017454,label,#7FC97F
NC_017454,label,#7FC97F
NC_017529,label,#E6AB02
NC_017530,label,#7FC97F
NC_017530,label,#7FC97F
NC_017531,label,#7FC97F
NC_017531,label,#7FC97F
NC_017531,label,#7FC97F
NC_017531,label,#7FC97F
NC_017532,label,#7FC97F
NC_017532,label,#7FC97F
NC_017537,label,#E6AB02
NC_017542,label,#E6AB02
NC_017542,label,#E6AB02
NC_017542,label,#E6AB02
NC_017542,label,#E6AB02
NC_017542,label,#E6AB02
NC_017544,label,#E6AB02
NC_017545,label,#E6AB02
NC_017546,label,#E6AB02
NC_017546,label,#E6AB02
NC_017546,label,#E6AB02
NC_017546,label,#E6AB02
NC_017547,label,#E6AB02
NC_017548,label,#7FC97F
NC_017548,label,#7FC97F
NC_017549,label,#7FC97F
NC_017549,label,#7FC97F
NC_017551,label,#F0027F
NC_017551,label,#F0027F
NC_017559,label,#7FC97F
NC_017559,label,#7FC97F
NC_017559,label,#7FC97F
NC_017574,label,#7FC97F
NC_017574,label,#7FC97F
NC_017644,label,#7FC97F
NC_017644,label,#7FC97F
NC_017651,label,#7FC97F
NC_017651,label,#7FC97F
NC_017664,label,#7FC97F
NC_017664,label,#7FC97F
NC_017664,label,#7FC97F
NC_017664,label,#7FC97F
NC_017664,label,#7FC97F
NC_017668,label,#E6AB02
NC_017668,label,#E6AB02
NC_017668,label,#E6AB02
NC_017668,label,#E6AB02
NC_017671,label,#7FC97F
NC_017671,label,#7FC97F
NC_017671,label,#7FC97F
NC_017671,label,#7FC97F
NC_017672,label,#E6AB02
NC_017672,label,#E6AB02
NC_017672,label,#E6AB02
NC_017672,label,#E6AB02
NC_017729,label,#E6AB02
NC_017729,label,#E6AB02
NC_017729,label,#E6AB02
NC_017729,label,#E6AB02
NC_017729,label,#E6AB02
NC_017743,label,#E6AB02
NC_017743,label,#E6AB02
NC_017765,label,#F4CAE4
NC_017765,label,#F4CAE4
NC_017765,label,#F4CAE4
NC_017770,label,black
NC_017770,label,black
NC_017770,label,black
NC_017770,label,black
NC_017790,label,#E31A1C
NC_017790,label,#E31A1C
NC_017790,label,#E31A1C
NC_017790,label,#E31A1C
NC_017790,label,#E31A1C
NC_017790,label,#E31A1C
NC_017790,label,#E31A1C
NC_017790,label,#E31A1C
NC_017790,label,#E31A1C
NC_017790,label,#E31A1C
NC_017803,label,#F4CAE4
NC_017803,label,#F4CAE4
NC_017845,label,#7FC97F
NC_017845,label,#7FC97F
NC_017845,label,#7FC97F
NC_017845,label,#7FC97F
NC_017911,label,#7FC97F
NC_017911,label,#7FC97F
NC_017911,label,#7FC97F
NC_017912,label,#E6AB02
NC_017912,label,#E6AB02
NC_017920,label,#7FC97F
NC_017920,label,#7FC97F
NC_017920,label,#7FC97F
NC_017920,label,#7FC97F
NC_017920,label,#7FC97F
NC_017920,label,#7FC97F
NC_017921,label,#7FC97F
NC_017921,label,#7FC97F
NC_017921,label,#7FC97F
NC_017921,label,#7FC97F
NC_017921,label,#7FC97F
NC_017921,label,#7FC97F
NC_017922,label,#7FC97F
NC_017922,label,#7FC97F
NC_017922,label,#7FC97F
NC_017922,label,#7FC97F
NC_017922,label,#7FC97F
NC_017922,label,#7FC97F
NC_017955,label,#F4CAE4
NC_017964,label,#7FC97F
NC_017964,label,#7FC97F
NC_017964,label,#7FC97F
NC_017986,label,#7FC97F
NC_017986,label,#7FC97F
NC_017986,label,#7FC97F
NC_017986,label,#7FC97F
NC_018000,label,#7FC97F
NC_018000,label,#7FC97F
NC_018002,label,#7FC97F
NC_018002,label,#7FC97F
NC_018014,label,#FDB462
NC_018014,label,#FDB462
NC_018017,label,#E6AB02
NC_018027,label,#F4CAE4
NC_018027,label,#F4CAE4
NC_018027,label,#F4CAE4
NC_018027,label,#F4CAE4
NC_018027,label,#F4CAE4
NC_018027,label,#F4CAE4
NC_018028,label,#7FC97F
NC_018028,label,#7FC97F
NC_018065,label,#E6AB02
NC_018065,label,#E6AB02
NC_018065,label,#E6AB02
NC_018068,label,#E6AB02
NC_018068,label,#E6AB02
NC_018068,label,#E6AB02
NC_018068,label,#E6AB02
NC_018079,label,#7FC97F
NC_018079,label,#7FC97F
NC_018079,label,#7FC97F
NC_018080,label,#7FC97F
NC_018080,label,#7FC97F
NC_018080,label,#7FC97F
NC_018080,label,#7FC97F
NC_018080,label,#7FC97F
NC_018139,label,#7FC97F
NC_018139,label,#7FC97F
NC_018140,label,#7FC97F
NC_018143,label,#F4CAE4
NC_018143,label,#F4CAE4
NC_018150,label,#F4CAE4
NC_018150,label,#F4CAE4
NC_018177,label,#7FC97F
NC_018177,label,#7FC97F
NC_018266,label,#F4CAE4
NC_018289,label,#F4CAE4
NC_018289,label,#F4CAE4
NC_018289,label,#F4CAE4
NC_018485,label,#7FC97F
NC_018485,label,#7FC97F
NC_018485,label,#7FC97F
NC_018485,label,#7FC97F
NC_018491,label,#E6AB02
NC_018491,label,#E6AB02
NC_018491,label,#E6AB02
NC_018491,label,#E6AB02
NC_018491,label,#E6AB02
NC_018500,label,#E6AB02
NC_018500,label,#E6AB02
NC_018500,label,#E6AB02
NC_018500,label,#E6AB02
NC_018500,label,#E6AB02
NC_018500,label,#E6AB02
NC_018500,label,#E6AB02
NC_018500,label,#E6AB02
NC_018500,label,#E6AB02
NC_018500,label,#E6AB02
NC_018500,label,#E6AB02
NC_018508,label,#E6AB02
NC_018508,label,#E6AB02
NC_018508,label,#E6AB02
NC_018508,label,#E6AB02
NC_018508,label,#E6AB02
NC_018508,label,#E6AB02
NC_018508,label,#E6AB02
NC_018508,label,#E6AB02
NC_018508,label,#E6AB02
NC_018513,label,#7FC97F
NC_018513,label,#7FC97F
NC_018515,label,#E6AB02
NC_018515,label,#E6AB02
NC_018525,label,#7FC97F
NC_018525,label,#7FC97F
NC_018527,label,#7FC97F
NC_018527,label,#7FC97F
NC_018527,label,#7FC97F
NC_018529,label,#7FC97F
NC_018529,label,#7FC97F
NC_018529,label,#7FC97F
NC_018581,label,#F4CAE4
NC_018581,label,#F4CAE4
NC_018581,label,#F4CAE4
NC_018581,label,#F4CAE4
NC_018581,label,#F4CAE4
NC_018581,label,#F4CAE4
NC_018584,label,#E6AB02
NC_018584,label,#E6AB02
NC_018584,label,#E6AB02
NC_018584,label,#E6AB02
NC_018585,label,#E6AB02
NC_018585,label,#E6AB02
NC_018585,label,#E6AB02
NC_018585,label,#E6AB02
NC_018586,label,#E6AB02
NC_018587,label,#E6AB02
NC_018587,label,#E6AB02
NC_018588,label,#E6AB02
NC_018588,label,#E6AB02
NC_018588,label,#E6AB02
NC_018588,label,#E6AB02
NC_018588,label,#E6AB02
NC_018589,label,#E6AB02
NC_018589,label,#E6AB02
NC_018589,label,#E6AB02
NC_018589,label,#E6AB02
NC_018591,label,#E6AB02
NC_018591,label,#E6AB02
NC_018593,label,#E6AB02
NC_018609,label,black
NC_018624,label,#B15928
NC_018624,label,#B15928
NC_018642,label,#E6AB02
NC_018649,label,#A6CEE3
NC_018649,label,#A6CEE3
NC_018649,label,#A6CEE3
NC_018649,label,#A6CEE3
NC_018664,label,#E6AB02
NC_018664,label,#E6AB02
NC_018672,label,#7FC97F
NC_018672,label,#7FC97F
NC_018672,label,#7FC97F
NC_018681,label,#F4CAE4
NC_018693,label,#E6AB02
NC_018693,label,#E6AB02
NC_018693,label,#E6AB02
NC_018693,label,#E6AB02
NC_018693,label,#E6AB02
NC_018693,label,#E6AB02
NC_018693,label,#E6AB02
NC_018693,label,#E6AB02
NC_018693,label,#E6AB02
NC_018693,label,#E6AB02
NC_018695,label,#7FC97F
NC_018695,label,#7FC97F
NC_018695,label,#7FC97F
NC_018700,label,#7FC97F
NC_018700,label,#7FC97F
NC_018700,label,#7FC97F
NC_018700,label,#7FC97F
NC_018704,label,#E6AB02
NC_018708,label,#7FC97F
NC_018708,label,#7FC97F
NC_018708,label,#7FC97F
NC_018708,label,#7FC97F
NC_018709,label,#7FC97F
NC_018709,label,#7FC97F
NC_018750,label,#F4CAE4
NC_018866,label,#E6AB02
NC_018866,label,#E6AB02
NC_018866,label,#E6AB02
NC_018867,label,#E6AB02
NC_018867,label,#E6AB02
NC_018867,label,#E6AB02
NC_018877,label,#E6AB02
NC_018877,label,#E6AB02
NC_018877,label,#E6AB02
NC_018877,label,#E6AB02
NC_018877,label,#E6AB02
NC_018877,label,#E6AB02
NC_018877,label,#E6AB02
NC_018877,label,#E6AB02
NC_018877,label,#E6AB02
NC_018877,label,#E6AB02
NC_018877,label,#E6AB02
NC_018877,label,#E6AB02
NC_019382,label,#7FC97F
NC_019382,label,#7FC97F
NC_019382,label,#7FC97F
NC_019567,label,#7FC97F
NC_019670,label,#7FC97F
NC_019670,label,#7FC97F
NC_019673,label,#F4CAE4
NC_019676,label,#B3CDE3
NC_019678,label,#B3CDE3
NC_019678,label,#B3CDE3
NC_019678,label,#B3CDE3
NC_019680,label,#B3CDE3
NC_019680,label,#B3CDE3
NC_019683,label,#B3CDE3
NC_019689,label,#B3CDE3
NC_019689,label,#B3CDE3
NC_019693,label,#B3CDE3
NC_019693,label,#B3CDE3
NC_019693,label,#B3CDE3
NC_019693,label,#B3CDE3
NC_019693,label,#B3CDE3
NC_019695,label,#B3CDE3
NC_019695,label,#B3CDE3
NC_019695,label,#B3CDE3
NC_019695,label,#B3CDE3
NC_019701,label,#B3CDE3
NC_019701,label,#B3CDE3
NC_019702,label,#B3CDE3
NC_019702,label,#B3CDE3
NC_019702,label,#B3CDE3
NC_019703,label,#B3CDE3
NC_019729,label,#B3CDE3
NC_019729,label,#B3CDE3
NC_019729,label,#B3CDE3
NC_019729,label,#B3CDE3
NC_019729,label,#B3CDE3
NC_019729,label,#B3CDE3
NC_019729,label,#B3CDE3
NC_019738,label,#B3CDE3
NC_019738,label,#B3CDE3
NC_019738,label,#B3CDE3
NC_019738,label,#B3CDE3
NC_019738,label,#B3CDE3
NC_019738,label,#B3CDE3
NC_019738,label,#B3CDE3
NC_019738,label,#B3CDE3
NC_019738,label,#B3CDE3
NC_019738,label,#B3CDE3
NC_019745,label,#B3CDE3
NC_019745,label,#B3CDE3
NC_019745,label,#B3CDE3
NC_019745,label,#B3CDE3
NC_019745,label,#B3CDE3
NC_019748,label,#B3CDE3
NC_019748,label,#B3CDE3
NC_019748,label,#B3CDE3
NC_019748,label,#B3CDE3
NC_019748,label,#B3CDE3
NC_019748,label,#B3CDE3
NC_019748,label,#B3CDE3
NC_019757,label,#B3CDE3
NC_019757,label,#B3CDE3
NC_019757,label,#B3CDE3
NC_019757,label,#B3CDE3
NC_019776,label,#B3CDE3
NC_019776,label,#B3CDE3
NC_019780,label,#B3CDE3
NC_019780,label,#B3CDE3
NC_019793,label,#E31A1C
NC_019793,label,#E31A1C
NC_019793,label,#E31A1C
NC_019842,label,#E6AB02
NC_019842,label,#E6AB02
NC_019845,label,#7FC97F
NC_019845,label,#7FC97F
NC_019845,label,#7FC97F
NC_019845,label,#7FC97F
NC_019845,label,#7FC97F
NC_019892,label,#1B9E77
NC_019892,label,#1B9E77
NC_019892,label,#1B9E77
NC_019892,label,#1B9E77
NC_019897,label,#E6AB02
NC_019897,label,#E6AB02
NC_019897,label,#E6AB02
NC_019903,label,#E6AB02
NC_019903,label,#E6AB02
NC_019903,label,#E6AB02
NC_019903,label,#E6AB02
NC_019936,label,#7FC97F
NC_019936,label,#7FC97F
NC_019936,label,#7FC97F
NC_019936,label,#7FC97F
NC_019936,label,#7FC97F
NC_019973,label,#7FC97F
NC_020059,label,#7FC97F
NC_020059,label,#7FC97F
NC_020059,label,#7FC97F
NC_020059,label,#7FC97F
NC_020089,label,#F4CAE4
NC_020089,label,#F4CAE4
NC_020126,label,#7FC97F
NC_020164,label,#E6AB02
NC_020164,label,#E6AB02
NC_020164,label,#E6AB02
NC_020164,label,#E6AB02
NC_020164,label,#E6AB02
NC_020164,label,#E6AB02
NC_020164,label,#E6AB02
NC_020164,label,#E6AB02
NC_020164,label,#E6AB02
NC_020164,label,#E6AB02
NC_020207,label,#E6AB02
NC_020207,label,#E6AB02
NC_020209,label,#7FC97F
NC_020209,label,#7FC97F
NC_020210,label,#E6AB02
NC_020211,label,#7FC97F
NC_020211,label,#7FC97F
NC_020211,label,#7FC97F
NC_020211,label,#7FC97F
NC_020238,label,#E6AB02
NC_020238,label,#E6AB02
NC_020238,label,#E6AB02
NC_020238,label,#E6AB02
NC_020238,label,#E6AB02
NC_020238,label,#E6AB02
NC_020238,label,#E6AB02
NC_020238,label,#E6AB02
NC_020238,label,#E6AB02
NC_020238,label,#E6AB02
NC_020244,label,#E6AB02
NC_020244,label,#E6AB02
NC_020244,label,#E6AB02
NC_020244,label,#E6AB02
NC_020272,label,#E6AB02
NC_020272,label,#E6AB02
NC_020272,label,#E6AB02
NC_020291,label,#E6AB02
NC_020291,label,#E6AB02
NC_020302,label,#F4CAE4
NC_020302,label,#F4CAE4
NC_020302,label,#F4CAE4
NC_020376,label,#E6AB02
NC_020376,label,#E6AB02
NC_020376,label,#E6AB02
NC_020376,label,#E6AB02
NC_020376,label,#E6AB02
NC_020376,label,#E6AB02
NC_020376,label,#E6AB02
NC_020376,label,#E6AB02
NC_020376,label,#E6AB02
NC_020376,label,#E6AB02
NC_020376,label,#E6AB02
NC_020376,label,#E6AB02
NC_020376,label,#E6AB02
NC_020376,label,#E6AB02
NC_020376,label,#E6AB02
NC_020376,label,#E6AB02
NC_020376,label,#E6AB02
NC_020386,label,#999999
NC_020386,label,#999999
NC_020386,label,#999999
NC_020386,label,#999999
NC_020386,label,#999999
NC_020387,label,#999999
NC_020387,label,#999999
NC_020387,label,#999999
NC_020417,label,#7FC97F
NC_020418,label,#7FC97F
NC_020418,label,#7FC97F
NC_020418,label,#7FC97F
NC_020418,label,#7FC97F
NC_020453,label,#7FC97F
NC_020453,label,#7FC97F
NC_020453,label,#7FC97F
NC_020504,label,#F4CAE4
NC_020504,label,#F4CAE4
NC_020506,label,#F4CAE4
NC_020506,label,#F4CAE4
NC_020506,label,#F4CAE4
NC_020507,label,#E6AB02
NC_020507,label,#E6AB02
NC_020507,label,#E6AB02
NC_020507,label,#E6AB02
NC_020516,label,#7FC97F
NC_020516,label,#7FC97F
NC_020516,label,#7FC97F
NC_020516,label,#7FC97F
NC_020519,label,#F4CAE4
NC_020519,label,#F4CAE4
NC_020519,label,#F4CAE4
NC_020520,label,#F4CAE4
NC_020528,label,#7FC97F
NC_020528,label,#7FC97F
NC_020528,label,#7FC97F
NC_020541,label,#7FC97F
NC_020541,label,#7FC97F
NC_020541,label,#7FC97F
NC_020541,label,#7FC97F
NC_020561,label,#7FC97F
NC_020561,label,#7FC97F
NC_020561,label,#7FC97F
NC_020561,label,#7FC97F
NC_020561,label,#7FC97F
NC_020561,label,#7FC97F
NC_020561,label,#7FC97F
NC_020561,label,#7FC97F
NC_020561,label,#7FC97F
NC_020799,label,#7FC97F
NC_020799,label,#7FC97F
NC_020812,label,#7FC97F
NC_020813,label,#7FC97F
NC_020829,label,#7FC97F
NC_020829,label,#7FC97F
NC_020832,label,#E6AB02
NC_020832,label,#E6AB02
NC_020832,label,#E6AB02
NC_020832,label,#E6AB02
NC_020887,label,#E6AB02
NC_020895,label,#F4CAE4
NC_020895,label,#F4CAE4
NC_020895,label,#F4CAE4
NC_020912,label,#7FC97F
NC_020912,label,#7FC97F
NC_020990,label,#F4CAE4
NC_021055,label,#F4CAE4
NC_021055,label,#F4CAE4
NC_021066,label,#7FC97F
NC_021066,label,#7FC97F
NC_021066,label,#7FC97F
NC_021149,label,#7FC97F
NC_021149,label,#7FC97F
NC_021149,label,#7FC97F
NC_021150,label,#7FC97F
NC_021150,label,#7FC97F
NC_021150,label,#7FC97F
NC_021171,label,#E6AB02
NC_021171,label,#E6AB02
NC_021171,label,#E6AB02
NC_021171,label,#E6AB02
NC_021171,label,#E6AB02
NC_021172,label,#7FC97F
NC_021173,label,#7FC97F
NC_021173,label,#7FC97F
NC_021174,label,#7FC97F
NC_021174,label,#7FC97F
NC_021176,label,#7FC97F
NC_021177,label,#F4CAE4
NC_021177,label,#F4CAE4
NC_021182,label,#E6AB02
NC_021182,label,#E6AB02
NC_021182,label,#E6AB02
NC_021182,label,#E6AB02
NC_021184,label,#E6AB02
NC_021184,label,#E6AB02
NC_021191,label,#F4CAE4
NC_021191,label,#F4CAE4
NC_021191,label,#F4CAE4
NC_021191,label,#F4CAE4
NC_021200,label,#F4CAE4
NC_021200,label,#F4CAE4
NC_021237,label,#7FC97F
NC_021237,label,#7FC97F
NC_021237,label,#7FC97F
NC_021362,label,#E6AB02
NC_021362,label,#E6AB02
NC_021487,label,#6A3D9A
NC_021487,label,#6A3D9A
NC_021491,label,#7FC97F
NC_021491,label,#7FC97F
NC_021491,label,#7FC97F
NC_021500,label,#7FC97F
NC_021500,label,#7FC97F
NC_021500,label,#7FC97F
NC_021500,label,#7FC97F
NC_021577,label,#7FC97F
NC_021577,label,#7FC97F
NC_021591,label,#7FC97F
NC_021591,label,#7FC97F
NC_021591,label,#7FC97F
NC_021591,label,#7FC97F
NC_021658,label,#7FC97F
NC_021658,label,#7FC97F
NC_021659,label,#7FC97F
NC_021659,label,#7FC97F
NC_021659,label,#7FC97F
NC_021663,label,#F4CAE4
NC_021726,label,#7FC97F
NC_021726,label,#7FC97F
NC_021726,label,#7FC97F
NC_021726,label,#7FC97F
NC_021729,label,#7FC97F
NC_021729,label,#7FC97F
NC_021729,label,#7FC97F
NC_021729,label,#7FC97F
NC_021729,label,#7FC97F
NC_021733,label,#7FC97F
NC_021733,label,#7FC97F
NC_021733,label,#7FC97F
NC_021741,label,#7FC97F
NC_021741,label,#7FC97F
NC_021741,label,#7FC97F
NC_021741,label,#7FC97F
NC_021831,label,#CCEBC5
NC_021902,label,#7FC97F
NC_021902,label,#7FC97F
NC_021902,label,#7FC97F
NC_021905,label,#7FC97F
NC_021905,label,#7FC97F
NC_021905,label,#7FC97F
NC_021905,label,#7FC97F
NC_021905,label,#7FC97F
NC_021905,label,#7FC97F
NC_021905,label,#7FC97F
NC_021905,label,#7FC97F
NC_021985,label,#F4CAE4
NC_021985,label,#F4CAE4
NC_021985,label,#F4CAE4
NC_021991,label,#7FC97F
NC_021991,label,#7FC97F
NC_021991,label,#7FC97F
NC_021991,label,#7FC97F
NC_021991,label,#7FC97F
NC_021991,label,#7FC97F
NC_021991,label,#7FC97F
NC_021991,label,#7FC97F
NC_022000,label,#7FC97F
NC_022000,label,#7FC97F
NC_022041,label,#7FC97F
NC_022041,label,#7FC97F
NC_022041,label,#7FC97F
NC_022041,label,#7FC97F
NC_022041,label,#7FC97F
NC_022041,label,#7FC97F
NC_022041,label,#7FC97F
NC_022080,label,#E6AB02
NC_022080,label,#E6AB02
NC_022080,label,#E6AB02
NC_022080,label,#E6AB02
NC_022081,label,#E6AB02
NC_022081,label,#E6AB02
NC_022115,label,#F4CAE4
NC_022115,label,#F4CAE4
NC_022115,label,#F4CAE4
NC_022115,label,#F4CAE4
NC_022115,label,#F4CAE4
NC_022247,label,#7FC97F
NC_022247,label,#7FC97F
NC_022247,label,#7FC97F
NC_022247,label,#7FC97F
NC_022247,label,#7FC97F
NC_022247,label,#7FC97F
NC_022443,label,#E6AB02
NC_022443,label,#E6AB02
NC_022513,label,#7FC97F
NC_022513,label,#7FC97F
NC_022513,label,#7FC97F
NC_022514,label,#7FC97F
NC_022514,label,#7FC97F
NC_022514,label,#7FC97F
NC_022515,label,#7FC97F
NC_022515,label,#7FC97F
NC_022515,label,#7FC97F
NC_022566,label,#7FC97F
NC_022566,label,#7FC97F
NC_022566,label,#7FC97F
NC_022571,label,#E6AB02
NC_022571,label,#E6AB02
NC_022653,label,#E6AB02
NC_022653,label,#E6AB02
NC_022657,label,#F4CAE4
NC_022657,label,#F4CAE4
NC_022660,label,#7FC97F
NC_022660,label,#7FC97F
NC_022663,label,#F4CAE4
NC_022663,label,#F4CAE4
NC_022663,label,#F4CAE4
NC_022663,label,#F4CAE4
NC_022663,label,#F4CAE4
NC_022738,label,#7FC97F
NC_022738,label,#7FC97F
NC_022738,label,#7FC97F
NC_022781,label,#E6AB02
NC_022781,label,#E6AB02
NC_022781,label,#E6AB02
NC_022781,label,#E6AB02
NC_022781,label,#E6AB02
NC_022794,label,#E6AB02
NC_022795,label,#FFFFCC
NC_022873,label,#E6AB02
NC_022873,label,#E6AB02
NC_022873,label,#E6AB02
NC_022873,label,#E6AB02
NC_022873,label,#E6AB02
NC_022873,label,#E6AB02
NC_022873,label,#E6AB02
NC_022873,label,#E6AB02
NC_022873,label,#E6AB02
NC_022904,label,#7FC97F
NC_022904,label,#7FC97F
NC_022904,label,#7FC97F
NC_022964,label,#999999
NC_022964,label,#999999
NC_022964,label,#999999
NC_022997,label,#7FC97F
NC_023019,label,#7FC97F
NC_023019,label,#7FC97F
NC_023037,label,#E6AB02
NC_023064,label,#7FC97F
NC_023064,label,#7FC97F
NC_023064,label,#7FC97F
NC_023073,label,#E6AB02
NC_023073,label,#E6AB02
NC_023075,label,#7FC97F
NC_023075,label,#7FC97F
NC_023076,label,#7FC97F
NC_023076,label,#7FC97F
NC_023149,label,#7FC97F
NC_023149,label,#7FC97F
NC_023149,label,#7FC97F
NC_023149,label,#7FC97F
NC_023149,label,#7FC97F
NC_023149,label,#7FC97F
NC_023149,label,#7FC97F
NZ_CM001165,label,#F4CAE4
NZ_CM001165,label,#F4CAE4
NZ_CM001165,label,#F4CAE4
NZ_CM001763,label,#7FC97F
NZ_CM001763,label,#7FC97F
NZ_CM002024,label,#7FC97F
NZ_CM002024,label,#7FC97F
NZ_CM002024,label,#7FC97F
NZ_CM002025,label,#7FC97F
NZ_CM002025,label,#7FC97F
NZ_CM002025,label,#7FC97F
NZ_CM002139,label,#7FC97F
NZ_CM002139,label,#7FC97F
NZ_CM002177,label,#F4CAE4
NZ_CM002177,label,#F4CAE4
NZ_CM002177,label,#F4CAE4
NZ_CM002177,label,#F4CAE4
NZ_CM002177,label,#F4CAE4
NZ_CM002177,label,#F4CAE4
NZ_CM002330,label,#7FC97F
NZ_CM002330,label,#7FC97F
NZ_CM002330,label,#7FC97F
NZ_CM002395,label,#E6AB02
NZ_CM002395,label,#E6AB02
NZ_CM002395,label,#E6AB02
NZ_CM002395,label,#E6AB02
NZ_CM002395,label,#E6AB02
NZ_CM002398,label,#E6AB02
NZ_CM002398,label,#E6AB02
NZ_CM002398,label,#E6AB02
NZ_CM002398,label,#E6AB02
NZ_CM002398,label,#E6AB02
NZ_CM002401,label,#E6AB02
NZ_CM002401,label,#E6AB02
NZ_CM002401,label,#E6AB02
NZ_CM002401,label,#E6AB02
NZ_CM002401,label,#E6AB02
NZ_CM002755,label,#7FC97F
NZ_CM002755,label,#7FC97F
NZ_CM002757,label,#7FC97F
NZ_CM002757,label,#7FC97F
NZ_CM002796,label,#7FC97F
NZ_CP001970,label,#E6AB02
NZ_CP001970,label,#E6AB02
NZ_CP001970,label,#E6AB02
NZ_CP001970,label,#E6AB02
NZ_CP001970,label,#E6AB02
NZ_CP001974,label,#E6AB02
NZ_CP001974,label,#E6AB02
NZ_CP001974,label,#E6AB02
NZ_CP001974,label,#E6AB02
NZ_CP002190,label,#7FC97F
NZ_CP002190,label,#7FC97F
NZ_CP002871,label,#F4CAE4
NZ_CP002871,label,#F4CAE4
NZ_CP003181,label,#7FC97F
NZ_CP003181,label,#7FC97F
NZ_CP003915,label,#7FC97F
NZ_CP003915,label,#7FC97F
NZ_CP003915,label,#7FC97F
NZ_CP003923,label,#E6AB02
NZ_CP003923,label,#E6AB02
NZ_CP003949,label,#F4CAE4
NZ_CP003949,label,#F4CAE4
NZ_CP003949,label,#F4CAE4
NZ_CP003949,label,#F4CAE4
NZ_CP003949,label,#F4CAE4
NZ_CP003949,label,#F4CAE4
NZ_CP003949,label,#F4CAE4
NZ_CP003949,label,#F4CAE4
NZ_CP003949,label,#F4CAE4
NZ_CP003949,label,#F4CAE4
NZ_CP003949,label,#F4CAE4
NZ_CP003949,label,#F4CAE4
NZ_CP003999,label,#7FC97F
NZ_CP003999,label,#7FC97F
NZ_CP003999,label,#7FC97F
NZ_CP003999,label,#7FC97F
NZ_CP003999,label,#7FC97F
NZ_CP003999,label,#7FC97F
NZ_CP003999,label,#7FC97F
NZ_CP003999,label,#7FC97F
NZ_CP003999,label,#7FC97F
NZ_CP004078,label,#E6AB02
NZ_CP004078,label,#E6AB02
NZ_CP004078,label,#E6AB02
NZ_CP004078,label,#E6AB02
NZ_CP004383,label,#7FC97F
NZ_CP004383,label,#7FC97F
NZ_CP004383,label,#7FC97F
NZ_CP004384,label,#7FC97F
NZ_CP004384,label,#7FC97F
NZ_CP004384,label,#7FC97F
NZ_CP004870,label,#E6AB02
NZ_CP004870,label,#E6AB02
NZ_CP004870,label,#E6AB02
NZ_CP004870,label,#E6AB02
NZ_CP004870,label,#E6AB02
NZ_CP004870,label,#E6AB02
NZ_CP004870,label,#E6AB02
NZ_CP004870,label,#E6AB02
NZ_CP004870,label,#E6AB02
NZ_CP004870,label,#E6AB02
NZ_CP004870,label,#E6AB02
NZ_CP004870,label,#E6AB02
NZ_CP004870,label,#E6AB02
NZ_CP004870,label,#E6AB02
NZ_CP004870,label,#E6AB02
NZ_CP004870,label,#E6AB02
NZ_CP006581,label,#7FC97F
NZ_CP006581,label,#7FC97F
NZ_CP006581,label,#7FC97F
NZ_CP006587,label,black
NZ_CP006587,label,black
NZ_CP006587,label,black
NZ_CP006587,label,black
NZ_CP006644,label,#7FC97F
NZ_CP006644,label,#7FC97F
NZ_CP006644,label,#7FC97F
NZ_CP006644,label,#7FC97F
NZ_CP006644,label,#7FC97F
NZ_CP006696,label,#7FC97F
NZ_CP006696,label,#7FC97F
NZ_CP006742,label,#E6AB02
NZ_CP006742,label,#E6AB02
NZ_CP006742,label,#E6AB02
NZ_CP006742,label,#E6AB02
NZ_CP006742,label,#E6AB02
NZ_CP006772,label,black
NZ_CP006772,label,black
NZ_CP006850,label,#F4CAE4
NZ_CP006872,label,#E6AB02
NZ_CP006872,label,#E6AB02
NZ_CP006890,label,#E6AB02
NZ_CP006890,label,#E6AB02
NZ_CP006961,label,#7FC97F
NZ_CP006961,label,#7FC97F
NZ_CP006962,label,#7FC97F
NZ_CP006962,label,#7FC97F
NZ_CP006983,label,#7FC97F
NZ_CP006983,label,#7FC97F
NZ_CP006986,label,#7FC97F
NZ_CP006986,label,#7FC97F
NZ_CP006986,label,#7FC97F
NZ_CP006986,label,#7FC97F
NZ_CP006986,label,#7FC97F
NZ_CP006986,label,#7FC97F
NZ_CP007033,label,#E6AB02
NZ_CP007033,label,#E6AB02
NZ_CP007039,label,#7FC97F
NZ_CP007044,label,#7FC97F
NZ_CP007044,label,#7FC97F
NZ_CP007044,label,#7FC97F
NZ_CP007044,label,#7FC97F
NZ_CP007045,label,#7FC97F
NZ_CP007045,label,#7FC97F
NZ_CP007045,label,#7FC97F
NZ_CP007045,label,#7FC97F
NZ_CP007045,label,#7FC97F
NZ_CP007045,label,#7FC97F
NZ_CP007067,label,#7FC97F
NZ_CP007067,label,#7FC97F
NZ_CP007067,label,#7FC97F
NZ_CP007067,label,#7FC97F
NZ_CP007067,label,#7FC97F
NZ_CP007139,label,#6A3D9A
NZ_CP007155,label,#F4CAE4
NZ_CP007172,label,#E6AB02
NZ_CP007201,label,#7FC97F
NZ_CP007201,label,#7FC97F
NZ_CP007208,label,#E6AB02
NZ_CP007208,label,#E6AB02
NZ_CP007225,label,#7FC97F
NZ_CP007225,label,#7FC97F
NZ_CP007225,label,#7FC97F
NZ_CP007225,label,#7FC97F
NZ_CP007225,label,#7FC97F
NZ_CP007226,label,#7FC97F
NZ_CP007226,label,#7FC97F
NZ_CP007226,label,#7FC97F
NZ_CP007226,label,#7FC97F
NZ_CP007226,label,#7FC97F
NZ_CP007230,label,#7FC97F
NZ_CP007230,label,#7FC97F
NZ_CP007230,label,#7FC97F
NZ_CP007236,label,#7FC97F
NZ_CP007236,label,#7FC97F
NZ_CP007236,label,#7FC97F
NZ_CP007236,label,#7FC97F
NZ_CP007236,label,#7FC97F
NZ_CP007237,label,#7FC97F
NZ_CP007237,label,#7FC97F
NZ_CP007237,label,#7FC97F
NZ_CP007237,label,#7FC97F
NZ_CP007237,label,#7FC97F
NZ_CP007243,label,#A6CEE3
NZ_CP007243,label,#A6CEE3
NZ_CP007409,label,#E6AB02
NZ_CP007409,label,#E6AB02
NZ_CP007410,label,#7FC97F
NZ_CP007410,label,#7FC97F
NZ_CP007441,label,#7FC97F
NZ_CP007441,label,#7FC97F
NZ_CP007452,label,#E6AB02
NZ_CP007452,label,#E6AB02
NZ_CP007481,label,#7FC97F
NZ_CP007492,label,#E6AB02
NZ_CP007499,label,#E6AB02
NZ_CP007499,label,#E6AB02
NZ_CP007499,label,#E6AB02
NZ_CP007506,label,#7FC97F
NZ_CP007506,label,#7FC97F
NZ_CP007506,label,#7FC97F
NZ_CP007506,label,#7FC97F
NZ_CP007506,label,#7FC97F
NZ_CP007514,label,#F4CAE4
NZ_CP007514,label,#F4CAE4
NZ_CP007514,label,#F4CAE4
NZ_CP007514,label,#F4CAE4
NZ_CP007514,label,#F4CAE4
NZ_CP007514,label,#F4CAE4
NZ_CP007546,label,#7FC97F
NZ_CP007546,label,#7FC97F
NZ_CP007546,label,#7FC97F
NZ_CP007557,label,#7FC97F
NZ_CP007557,label,#7FC97F
NZ_CP007557,label,#7FC97F
NZ_CP007557,label,#7FC97F
NZ_CP007557,label,#7FC97F
NZ_CP007557,label,#7FC97F
NZ_CP007557,label,#7FC97F
NZ_CP007569,label,#7FC97F
NZ_CP007569,label,#7FC97F
NZ_CP007574,label,#F4CAE4
NZ_CP007574,label,#F4CAE4
NZ_CP007574,label,#F4CAE4
NZ_CP007597,label,#7FC97F
NZ_CP007597,label,#7FC97F
NZ_CP007597,label,#7FC97F
NZ_CP007597,label,#7FC97F
NZ_CP007600,label,#E6AB02
NZ_CP007607,label,#E6AB02
NZ_CP007607,label,#E6AB02
NZ_CP007607,label,#E6AB02
NZ_CP007607,label,#E6AB02
NZ_CP007607,label,#E6AB02
NZ_CP007607,label,#E6AB02
NZ_CP007607,label,#E6AB02
NZ_CP007607,label,#E6AB02
NZ_CP007607,label,#E6AB02
NZ_CP007607,label,#E6AB02
NZ_CP007607,label,#E6AB02
NZ_CP007607,label,#E6AB02
NZ_CP007618,label,#E6AB02
NZ_CP007618,label,#E6AB02
NZ_CP007618,label,#E6AB02
NZ_CP007618,label,#E6AB02
NZ_CP007620,label,#7FC97F
NZ_CP007620,label,#7FC97F
NZ_CP007620,label,#7FC97F
NZ_CP007627,label,black
NZ_CP007627,label,black
NZ_CP007638,label,#7FC97F
NZ_CP007638,label,#7FC97F
NZ_CP007638,label,#7FC97F
NZ_CP007656,label,#7FC97F
NZ_CP007662,label,#7FC97F
NZ_CP007662,label,#7FC97F
NZ_CP007663,label,#7FC97F
NZ_CP007663,label,#7FC97F
NZ_CP007666,label,#E6AB02
NZ_CP007666,label,#E6AB02
NZ_CP007666,label,#E6AB02
NZ_CP007666,label,#E6AB02
NZ_CP007680,label,#7FC97F
NZ_CP007680,label,#7FC97F
NZ_CP007681,label,#7FC97F
NZ_CP007681,label,#7FC97F
NZ_CP007704,label,#E6AB02
NZ_CP007704,label,#E6AB02
NZ_CP007704,label,#E6AB02
NZ_CP007704,label,#E6AB02
NZ_CP007704,label,#E6AB02
NZ_CP007705,label,#7FC97F
NZ_CP007705,label,#7FC97F
NZ_CP007706,label,#7FC97F
NZ_CP007706,label,#7FC97F
NZ_CP007739,label,#E6AB02
NZ_CP007739,label,#E6AB02
NZ_CP007739,label,#E6AB02
NZ_CP007764,label,#7FC97F
NZ_CP007764,label,#7FC97F
NZ_CP007765,label,#7FC97F
NZ_CP007765,label,#7FC97F
NZ_CP007782,label,#7FC97F
NZ_CP007782,label,#7FC97F
NZ_CP007782,label,#7FC97F
NZ_CP007783,label,#7FC97F
NZ_CP007783,label,#7FC97F
NZ_CP007783,label,#7FC97F
NZ_CP007784,label,#7FC97F
NZ_CP007784,label,#7FC97F
NZ_CP007784,label,#7FC97F
NZ_CP007785,label,#7FC97F
NZ_CP007785,label,#7FC97F
NZ_CP007785,label,#7FC97F
NZ_CP007785,label,#7FC97F
NZ_CP007786,label,#7FC97F
NZ_CP007786,label,#7FC97F
NZ_CP007786,label,#7FC97F
NZ_CP007786,label,#7FC97F
NZ_CP007787,label,#7FC97F
NZ_CP007787,label,#7FC97F
NZ_CP007787,label,#7FC97F
NZ_CP007787,label,#7FC97F
NZ_CP007788,label,#7FC97F
NZ_CP007788,label,#7FC97F
NZ_CP007789,label,#7FC97F
NZ_CP007789,label,#7FC97F
NZ_CP007793,label,#7FC97F
NZ_CP007793,label,#7FC97F
NZ_CP007793,label,#7FC97F
NZ_CP007793,label,#7FC97F
NZ_CP007793,label,#7FC97F
NZ_CP007793,label,#7FC97F
NZ_CP007793,label,#7FC97F
NZ_CP007800,label,#E6AB02
NZ_CP007800,label,#E6AB02
NZ_CP007800,label,#E6AB02
NZ_CP007800,label,#E6AB02
NZ_CP007803,label,#F4CAE4
NZ_CP007803,label,#F4CAE4
NZ_CP008696,label,#7FC97F
NZ_CP008696,label,#7FC97F
NZ_CP008698,label,#E6AB02
NZ_CP008698,label,#E6AB02
NZ_CP008698,label,#E6AB02
NZ_CP008698,label,#E6AB02
NZ_CP008728,label,#7FC97F
NZ_CP008728,label,#7FC97F
NZ_CP008728,label,#7FC97F
NZ_CP008728,label,#7FC97F
NZ_CP008728,label,#7FC97F
NZ_CP008728,label,#7FC97F
NZ_CP008728,label,#7FC97F
NZ_CP008728,label,#7FC97F
NZ_CP008728,label,#7FC97F
NZ_CP008728,label,#7FC97F
NZ_CP008728,label,#7FC97F
NZ_CP008728,label,#7FC97F
NZ_CP008728,label,#7FC97F
NZ_CP008729,label,#7FC97F
NZ_CP008729,label,#7FC97F
NZ_CP008729,label,#7FC97F
NZ_CP008729,label,#7FC97F
NZ_CP008729,label,#7FC97F
NZ_CP008729,label,#7FC97F
NZ_CP008729,label,#7FC97F
NZ_CP008729,label,#7FC97F
NZ_CP008729,label,#7FC97F
NZ_CP008729,label,#7FC97F
NZ_CP008729,label,#7FC97F
NZ_CP008729,label,#7FC97F
NZ_CP008729,label,#7FC97F
NZ_CP008730,label,#7FC97F
NZ_CP008730,label,#7FC97F
NZ_CP008730,label,#7FC97F
NZ_CP008730,label,#7FC97F
NZ_CP008730,label,#7FC97F
NZ_CP008730,label,#7FC97F
NZ_CP008730,label,#7FC97F
NZ_CP008730,label,#7FC97F
NZ_CP008730,label,#7FC97F
NZ_CP008730,label,#7FC97F
NZ_CP008730,label,#7FC97F
NZ_CP008730,label,#7FC97F
NZ_CP008730,label,#7FC97F
NZ_CP008752,label,#E6AB02
NZ_CP008752,label,#E6AB02
NZ_CP008752,label,#E6AB02
NZ_CP008760,label,#7FC97F
NZ_CP008760,label,#7FC97F
NZ_CP008760,label,#7FC97F
NZ_CP008760,label,#7FC97F
NZ_CP008760,label,#7FC97F
NZ_CP008762,label,#7FC97F
NZ_CP008762,label,#7FC97F
NZ_CP008762,label,#7FC97F
NZ_CP008762,label,#7FC97F
NZ_CP008762,label,#7FC97F
NZ_CP008841,label,#7FC97F
NZ_CP008841,label,#7FC97F
NZ_CP008841,label,#7FC97F
NZ_CP008841,label,#7FC97F
NZ_CP008841,label,#7FC97F
NZ_CP008841,label,#7FC97F
NZ_CP008841,label,#7FC97F
NZ_CP008841,label,#7FC97F
NZ_CP008841,label,#7FC97F
NZ_CP008846,label,#E6AB02
NZ_CP008846,label,#E6AB02
NZ_CP008846,label,#E6AB02
NZ_CP008846,label,#E6AB02
NZ_CP008846,label,#E6AB02
NZ_CP008852,label,#E6AB02
NZ_CP008852,label,#E6AB02
NZ_CP008884,label,#7FC97F
NZ_CP008896,label,#7FC97F
NZ_CP008896,label,#7FC97F
NZ_CP008896,label,#7FC97F
NZ_CP008896,label,#7FC97F
NZ_CP008896,label,#7FC97F
NZ_CP008896,label,#7FC97F
NZ_CP008920,label,#7FC97F
NZ_CP008920,label,#7FC97F
NZ_CP008920,label,#7FC97F
NZ_CP008920,label,#7FC97F
NZ_CP008920,label,#7FC97F
NZ_CP008920,label,#7FC97F
NZ_CP008923,label,#F4CAE4
NZ_CP008926,label,#E6AB02
NZ_CP008943,label,#7FC97F
NZ_CP008943,label,#7FC97F
NZ_CP008957,label,#7FC97F
NZ_CP008957,label,#7FC97F
NZ_CP008957,label,#7FC97F
NZ_CP008957,label,#7FC97F
NZ_HF545616,label,#E6AB02
NZ_HF545616,label,#E6AB02
NZ_HF545617,label,#E6AB02
NZ_HF545617,label,#E6AB02
NZ_HG326223,label,#7FC97F
NZ_HG326223,label,#7FC97F
NZ_HG326223,label,#7FC97F
NZ_HG916852,label,#7FC97F
NZ_HG916852,label,#7FC97F
NZ_HG916852,label,#7FC97F
NZ_HG916852,label,#7FC97F
NZ_HG938353,label,#7FC97F
NZ_HG938353,label,#7FC97F
NZ_HG938355,label,#7FC97F
NZ_HG938355,label,#7FC97F
NZ_HG938355,label,#7FC97F
NZ_HG938355,label,#7FC97F
NZ_HG938355,label,#7FC97F
